fecha,afore,tasa_interes_banxico,inflacion_anual,desempleo,comision,app_dummy,rendimiento,incremento_mensual,año
01/01/2020,azteca,7.25,3.24,3.22,0.98,1,7.173,0.1311,2020
01/01/2020,coppel,7.25,3.24,3.22,0.98,0,7.2871,0.6501,2020
01/01/2020,invercap,7.25,3.24,3.22,0.98,0,7.1886,0.5702,2020
01/01/2020,pensionissste,7.25,3.24,3.22,0.79,0,7.5419,5.718500000000001,2020
01/01/2020,banamex,7.25,3.24,3.22,0.88,1,7.3337,3.577,2020
01/01/2020,xxi banorte,7.25,3.24,3.22,0.88,1,7.4839,6.4326,2020
01/01/2020,principal,7.25,3.24,3.22,0.97,1,7.4923,0.89,2020
01/01/2020,profuturo,7.25,3.24,3.22,0.92,1,7.3678,6.0664,2020
01/01/2020,sura,7.25,3.24,3.22,0.92,1,7.539,7.0465,2020
01/01/2020,inbursa,7.25,3.24,3.22,0.92,1,7.3849,0.6108,2020
01/02/2020,banamex,7.0,3.31,3.26,0.88,1,7.578,-1.5885,2020
01/02/2020,profuturo,7.0,3.31,3.26,0.92,1,7.3515,-0.1886,2020
01/02/2020,coppel,7.0,3.31,3.26,0.98,0,7.1894,-0.1369,2020
01/02/2020,azteca,7.0,3.31,3.26,0.98,1,7.411,-0.0089,2020
01/02/2020,inbursa,7.0,3.31,3.26,0.92,1,7.7949,0.1533,2020
01/02/2020,pensionissste,7.0,3.31,3.26,0.79,0,7.5563,-2.0513,2020
01/02/2020,principal,7.0,3.31,3.26,0.97,1,7.5091,-0.17980000000000002,2020
01/02/2020,invercap,7.0,3.31,3.26,0.98,0,7.1278,-0.1005,2020
01/02/2020,sura,7.0,3.31,3.26,0.92,1,7.7373,-1.3187,2020
01/02/2020,xxi banorte,7.0,3.31,3.26,0.88,1,7.9967,-1.3996000000000002,2020
01/03/2020,sura,6.5,3.25,3.67,0.92,1,5.8322,-2.9573,2020
01/03/2020,banamex,6.5,3.25,3.67,0.88,1,5.6146,-4.5073,2020
01/03/2020,coppel,6.5,3.25,3.67,0.98,0,6.6068,0.12380000000000001,2020
01/03/2020,azteca,6.5,3.25,3.67,0.98,1,5.1784,0.023799999999999998,2020
01/03/2020,pensionissste,6.5,3.25,3.67,0.79,0,7.7933,-0.9085,2020
01/03/2020,principal,6.5,3.25,3.67,0.97,1,6.4127,-0.2923,2020
01/03/2020,profuturo,6.5,3.25,3.67,0.92,1,6.7512,0.6774,2020
01/03/2020,inbursa,6.5,3.25,3.67,0.92,1,10.0059,0.3892,2020
01/03/2020,xxi banorte,6.5,3.25,3.67,0.88,1,5.9214,-3.859,2020
01/03/2020,invercap,6.5,3.25,3.67,0.98,0,6.8618,-0.1867,2020
01/04/2020,principal,6.0,2.15,4.24,0.97,1,7.4409,0.9864,2020
01/04/2020,profuturo,6.0,2.15,4.24,0.92,1,6.2738,6.5923,2020
01/04/2020,coppel,6.0,2.15,4.24,0.98,0,6.7203,0.3942,2020
01/04/2020,invercap,6.0,2.15,4.24,0.98,0,6.5597,0.3914,2020
01/04/2020,pensionissste,6.0,2.15,4.24,0.79,0,7.6356,4.7842,2020
01/04/2020,inbursa,6.0,2.15,4.24,0.92,1,10.3568,0.3506,2020
01/04/2020,banamex,6.0,2.15,4.24,0.88,1,6.0732,3.3326,2020
01/04/2020,xxi banorte,6.0,2.15,4.24,0.88,1,6.0986,5.8072,2020
01/04/2020,azteca,6.0,2.15,4.24,0.98,1,5.4028,0.1492,2020
01/04/2020,sura,6.0,2.15,4.24,0.92,1,7.9312,9.4334,2020
01/05/2020,invercap,5.5,2.84,5.45,0.98,0,7.7514,0.8417,2020
01/05/2020,inbursa,5.5,2.84,5.45,0.92,1,9.978,0.42090000000000005,2020
01/05/2020,profuturo,5.5,2.84,5.45,0.92,1,6.9161,7.8293,2020
01/05/2020,principal,5.5,2.84,5.45,0.97,1,8.3683,1.3925,2020
01/05/2020,pensionissste,5.5,2.84,5.45,0.79,0,7.8125,17.002,2020
01/05/2020,azteca,5.5,2.84,5.45,0.98,1,7.9555,0.22329999999999997,2020
01/05/2020,banamex,5.5,2.84,5.45,0.88,1,9.365,7.8389,2020
01/05/2020,sura,5.5,2.84,5.45,0.92,1,10.9235,8.783999999999999,2020
01/05/2020,coppel,5.5,2.84,5.45,0.98,0,7.7156,1.0216,2020
01/05/2020,xxi banorte,5.5,2.84,5.45,0.88,1,8.7716,12.1504,2020
01/06/2020,banamex,5.0,3.33,5.52,0.88,1,10.7511,2.8652999999999995,2020
01/06/2020,principal,5.0,3.33,5.52,0.97,1,9.1018,0.7272,2020
01/06/2020,pensionissste,5.0,3.33,5.52,0.79,0,8.4547,5.7795000000000005,2020
01/06/2020,azteca,5.0,3.33,5.52,0.98,1,8.5741,0.1573,2020
01/06/2020,xxi banorte,5.0,3.33,5.52,0.88,1,9.8357,6.3659,2020
01/06/2020,invercap,5.0,3.33,5.52,0.98,0,8.6368,0.4378,2020
01/06/2020,sura,5.0,3.33,5.52,0.92,1,12.4264,5.6051,2020
01/06/2020,inbursa,5.0,3.33,5.52,0.92,1,10.3229,0.16210000000000002,2020
01/06/2020,profuturo,5.0,3.33,5.52,0.92,1,7.292,3.7809,2020
01/06/2020,coppel,5.0,3.33,5.52,0.98,0,8.1591,0.44670000000000004,2020
01/07/2020,principal,5.0,3.62,5.07,0.97,1,9.5474,0.7397,2020
01/07/2020,azteca,5.0,3.62,5.07,0.98,1,8.8977,0.23879999999999998,2020
01/07/2020,sura,5.0,3.62,5.07,0.92,1,12.6691,6.2023,2020
01/07/2020,banamex,5.0,3.62,5.07,0.88,1,10.7692,5.4561,2020
01/07/2020,profuturo,5.0,3.62,5.07,0.92,1,7.6593,4.8287,2020
01/07/2020,coppel,5.0,3.62,5.07,0.98,0,8.6937,0.9207,2020
01/07/2020,inbursa,5.0,3.62,5.07,0.92,1,9.7133,0.34009999999999996,2020
01/07/2020,pensionissste,5.0,3.62,5.07,0.79,0,8.3681,6.829400000000001,2020
01/07/2020,xxi banorte,5.0,3.62,5.07,0.88,1,9.9724,8.743400000000001,2020
01/07/2020,invercap,5.0,3.62,5.07,0.98,0,8.6867,0.612,2020
01/08/2020,coppel,4.5,4.04,4.66,0.98,0,8.5743,0.16219999999999998,2020
01/08/2020,sura,4.5,4.04,4.66,0.92,1,13.112,5.346699999999999,2020
01/08/2020,banamex,4.5,4.04,4.66,0.88,1,10.8961,2.5388,2020
01/08/2020,profuturo,4.5,4.04,4.66,0.92,1,7.5295,3.6672000000000002,2020
01/08/2020,inbursa,4.5,4.04,4.66,0.92,1,9.2341,0.1374,2020
01/08/2020,principal,4.5,4.04,4.66,0.97,1,9.5015,0.5262,2020
01/08/2020,pensionissste,4.5,4.04,4.66,0.79,0,8.1754,1.6565,2020
01/08/2020,invercap,4.5,4.04,4.66,0.98,0,8.6945,0.35229999999999995,2020
01/08/2020,xxi banorte,4.5,4.04,4.66,0.88,1,9.9863,4.0449,2020
01/08/2020,azteca,4.5,4.04,4.66,0.98,1,8.9033,0.0745,2020
01/09/2020,inbursa,4.25,4.01,4.6,0.92,1,9.3411,0.61,2020
01/09/2020,coppel,4.25,4.01,4.6,0.98,0,8.2755,1.1983,2020
01/09/2020,xxi banorte,4.25,4.01,4.6,0.88,1,9.8843,7.104400000000001,2020
01/09/2020,pensionissste,4.25,4.01,4.6,0.79,0,8.0002,5.3387,2020
01/09/2020,invercap,4.25,4.01,4.6,0.98,0,8.4785,0.5015,2020
01/09/2020,banamex,4.25,4.01,4.6,0.88,1,10.669,3.4511000000000003,2020
01/09/2020,sura,4.25,4.01,4.6,0.92,1,12.878,6.0388,2020
01/09/2020,azteca,4.25,4.01,4.6,0.98,1,8.5435,0.34009999999999996,2020
01/09/2020,principal,4.25,4.01,4.6,0.97,1,9.1979,0.6342,2020
01/09/2020,profuturo,4.25,4.01,4.6,0.92,1,7.2138,5.0857,2020
01/10/2020,xxi banorte,4.25,4.09,4.39,0.88,1,8.9072,-3.7588999999999997,2020
01/10/2020,invercap,4.25,4.09,4.39,0.98,0,7.9122,-0.24230000000000002,2020
01/10/2020,principal,4.25,4.09,4.39,0.97,1,8.8592,-0.522,2020
01/10/2020,profuturo,4.25,4.09,4.39,0.92,1,6.8616,0.2693,2020
01/10/2020,inbursa,4.25,4.09,4.39,0.92,1,8.5022,-0.0147,2020
01/10/2020,pensionissste,4.25,4.09,4.39,0.79,0,7.4958,-4.5884,2020
01/10/2020,azteca,4.25,4.09,4.39,0.98,1,7.7849,-0.025,2020
01/10/2020,coppel,4.25,4.09,4.39,0.98,0,8.0806,-0.3251,2020
01/10/2020,sura,4.25,4.09,4.39,0.92,1,12.342,-0.3195,2020
01/10/2020,banamex,4.25,4.09,4.39,0.88,1,8.8859,-2.6726,2020
01/11/2020,xxi banorte,4.25,3.33,4.36,0.88,1,8.719,14.010399999999999,2020
01/11/2020,invercap,4.25,3.33,4.36,0.98,0,7.2824,0.9043000000000001,2020
01/11/2020,inbursa,4.25,3.33,4.36,0.92,1,7.3196,1.1012,2020
01/11/2020,coppel,4.25,3.33,4.36,0.98,0,7.51,3.1566,2020
01/11/2020,azteca,4.25,3.33,4.36,0.98,1,8.048,1.4093,2020
01/11/2020,banamex,4.25,3.33,4.36,0.88,1,9.1705,5.1425,2020
01/11/2020,sura,4.25,3.33,4.36,0.92,1,12.286,14.228800000000001,2020
01/11/2020,pensionissste,4.25,3.33,4.36,0.79,0,6.6899,11.7339,2020
01/11/2020,profuturo,4.25,3.33,4.36,0.92,1,6.6113,11.658,2020
01/11/2020,principal,4.25,3.33,4.36,0.97,1,8.3189,1.3714,2020
01/12/2020,coppel,4.25,3.15,3.84,0.98,0,7.4461,1.8506,2020
01/12/2020,profuturo,4.25,3.15,3.84,0.92,1,7.0596,8.284500000000001,2020
01/12/2020,principal,4.25,3.15,3.84,0.97,1,8.7408,0.9146,2020
01/12/2020,sura,4.25,3.15,3.84,0.92,1,13.4077,9.0738,2020
01/12/2020,invercap,4.25,3.15,3.84,0.98,0,7.5249,0.4677,2020
01/12/2020,inbursa,4.25,3.15,3.84,0.92,1,7.2962,0.5024000000000001,2020
01/12/2020,xxi banorte,4.25,3.15,3.84,0.88,1,9.9682,7.4485,2020
01/12/2020,pensionissste,4.25,3.15,3.84,0.79,0,6.6787,6.7425,2020
01/12/2020,azteca,4.25,3.15,3.84,0.98,1,9.6312,1.2836,2020
01/12/2020,banamex,4.25,3.15,3.84,0.88,1,11.1684,3.5751,2020
01/01/2021,xxi banorte,4.0,3.54,4.28,0.8,1,10.5177,8.4921,2021
01/01/2021,pensionissste,4.0,3.54,4.28,0.53,0,7.1096,6.538200000000001,2021
01/01/2021,profuturo,4.0,3.54,4.28,0.83,1,7.8854,9.3479,2021
01/01/2021,coppel,4.0,3.54,4.28,0.85,0,7.8214,1.5353,2021
01/01/2021,azteca,4.0,3.54,4.28,0.86,1,9.9083,0.6444,2021
01/01/2021,inbursa,4.0,3.54,4.28,0.86,1,7.4342,0.6628000000000001,2021
01/01/2021,principal,4.0,3.54,4.28,0.85,1,9.0823,0.9952,2021
01/01/2021,sura,4.0,3.54,4.28,0.83,1,13.642,7.1901,2021
01/01/2021,invercap,4.0,3.54,4.28,0.87,0,8.1179,0.7147,2021
01/01/2021,banamex,4.0,3.54,4.28,0.8,1,13.9106,4.2726,2021
01/02/2021,inbursa,4.0,3.76,4.21,0.86,1,7.0372,0.2834,2021
01/02/2021,xxi banorte,4.0,3.76,4.21,0.8,1,8.4076,-0.3072,2021
01/02/2021,azteca,4.0,3.76,4.21,0.86,1,8.6468,0.0075,2021
01/02/2021,principal,4.0,3.76,4.21,0.85,1,8.1672,0.2184,2021
01/02/2021,sura,4.0,3.76,4.21,0.83,1,11.577,2.655,2021
01/02/2021,invercap,4.0,3.76,4.21,0.87,0,7.5492,0.08070000000000001,2021
01/02/2021,pensionissste,4.0,3.76,4.21,0.53,0,6.7157,2.6447000000000003,2021
01/02/2021,profuturo,4.0,3.76,4.21,0.83,1,6.4354,2.6154,2021
01/02/2021,banamex,4.0,3.76,4.21,0.8,1,9.3306,-0.6433,2021
01/02/2021,coppel,4.0,3.76,4.21,0.85,0,7.7461,-0.0408,2021
01/03/2021,sura,4.0,4.67,4.04,0.83,1,9.8747,5.6908,2021
01/03/2021,profuturo,4.0,4.67,4.04,0.83,1,4.3704,5.4644,2021
01/03/2021,xxi banorte,4.0,4.67,4.04,0.8,1,7.675,4.4733,2021
01/03/2021,banamex,4.0,4.67,4.04,0.8,1,6.6077,-0.5896,2021
01/03/2021,coppel,4.0,4.67,4.04,0.85,0,6.7955,1.9953999999999998,2021
01/03/2021,inbursa,4.0,4.67,4.04,0.86,1,3.9702,0.40340000000000004,2021
01/03/2021,invercap,4.0,4.67,4.04,0.87,0,6.0038,0.256,2021
01/03/2021,principal,4.0,4.67,4.04,0.85,1,6.6807,0.3081,2021
01/03/2021,azteca,4.0,4.67,4.04,0.86,1,8.7098,0.40380000000000005,2021
01/03/2021,pensionissste,4.0,4.67,4.04,0.53,0,4.9219,-0.8378,2021
01/04/2021,coppel,4.0,6.08,4.1,0.85,0,7.4847,0.1313,2021
01/04/2021,sura,4.0,6.08,4.1,0.83,1,8.6933,6.6316999999999995,2021
01/04/2021,azteca,4.0,6.08,4.1,0.86,1,9.0595,0.024399999999999998,2021
01/04/2021,banamex,4.0,6.08,4.1,0.8,1,5.6913,1.0979,2021
01/04/2021,invercap,4.0,6.08,4.1,0.87,0,6.6742,0.2473,2021
01/04/2021,profuturo,4.0,6.08,4.1,0.83,1,5.1824,6.7335,2021
01/04/2021,inbursa,4.0,6.08,4.1,0.86,1,3.4706,0.1953,2021
01/04/2021,pensionissste,4.0,6.08,4.1,0.53,0,5.3496,1.5551,2021
01/04/2021,xxi banorte,4.0,6.08,4.1,0.8,1,7.7828,2.9977,2021
01/04/2021,principal,4.0,6.08,4.1,0.85,1,6.3941,0.5743,2021
01/05/2021,pensionissste,4.0,5.89,3.99,0.53,0,4.9769,16.6606,2021
01/05/2021,banamex,4.0,5.89,3.99,0.8,1,3.4078,4.7271,2021
01/05/2021,azteca,4.0,5.89,3.99,0.86,1,6.3031,0.529,2021
01/05/2021,sura,4.0,5.89,3.99,0.83,1,5.6151,9.816699999999999,2021
01/05/2021,invercap,4.0,5.89,3.99,0.87,0,5.3006,0.6197,2021
01/05/2021,profuturo,4.0,5.89,3.99,0.83,1,4.8064,11.0497,2021
01/05/2021,principal,4.0,5.89,3.99,0.85,1,5.2314,1.0676999999999999,2021
01/05/2021,coppel,4.0,5.89,3.99,0.85,0,6.2136,1.3088,2021
01/05/2021,xxi banorte,4.0,5.89,3.99,0.8,1,5.1292,9.4055,2021
01/05/2021,inbursa,4.0,5.89,3.99,0.86,1,3.5148,0.4007,2021
01/06/2021,sura,4.25,5.88,3.81,0.83,1,2.5576,1.7277,2021
01/06/2021,principal,4.25,5.88,3.81,0.85,1,3.4602,-0.1246,2021
01/06/2021,pensionissste,4.25,5.88,3.81,0.53,0,3.5224,-2.6732,2021
01/06/2021,inbursa,4.25,5.88,3.81,0.86,1,2.6359,-0.1045,2021
01/06/2021,profuturo,4.25,5.88,3.81,0.83,1,3.69,6.086799999999999,2021
01/06/2021,xxi banorte,4.25,5.88,3.81,0.8,1,3.1,-1.0190000000000001,2021
01/06/2021,invercap,4.25,5.88,3.81,0.87,0,3.4151,-0.1257,2021
01/06/2021,coppel,4.25,5.88,3.81,0.85,0,4.9893,-0.8909999999999999,2021
01/06/2021,azteca,4.25,5.88,3.81,0.86,1,4.6963,-0.1796,2021
01/06/2021,banamex,4.25,5.88,3.81,0.8,1,1.2547,-1.8094999999999999,2021
01/07/2021,sura,4.25,5.81,3.92,0.83,1,2.5937,7.2416,2021
01/07/2021,invercap,4.25,5.81,3.92,0.87,0,3.3967,0.5729,2021
01/07/2021,banamex,4.25,5.81,3.92,0.8,1,1.9564,3.6849000000000003,2021
01/07/2021,coppel,4.25,5.81,3.92,0.85,0,4.3428,0.8179000000000001,2021
01/07/2021,azteca,4.25,5.81,3.92,0.86,1,4.5486,0.46299999999999997,2021
01/07/2021,principal,4.25,5.81,3.92,0.85,1,3.2068,0.9194,2021
01/07/2021,xxi banorte,4.25,5.81,3.92,0.8,1,3.1066,8.584,2021
01/07/2021,inbursa,4.25,5.81,3.92,0.86,1,3.0506,0.35810000000000003,2021
01/07/2021,profuturo,4.25,5.81,3.92,0.83,1,3.0576,10.3478,2021
01/07/2021,pensionissste,4.25,5.81,3.92,0.53,0,3.5945,6.8669,2021
01/08/2021,coppel,4.5,5.59,3.68,0.85,0,4.5551,0.0354,2021
01/08/2021,principal,4.5,5.59,3.68,0.85,1,3.4904,0.8920999999999999,2021
01/08/2021,azteca,4.5,5.59,3.68,0.86,1,4.5218,0.0512,2021
01/08/2021,inbursa,4.5,5.59,3.68,0.86,1,3.5201,0.2375,2021
01/08/2021,banamex,4.5,5.59,3.68,0.8,1,1.7385,1.5174,2021
01/08/2021,invercap,4.5,5.59,3.68,0.87,0,3.3997,0.321,2021
01/08/2021,xxi banorte,4.5,5.59,3.68,0.8,1,3.1821,5.2315,2021
01/08/2021,profuturo,4.5,5.59,3.68,0.83,1,3.337,8.475299999999999,2021
01/08/2021,pensionissste,4.5,5.59,3.68,0.53,0,3.7515,3.4837000000000002,2021
01/08/2021,sura,4.5,5.59,3.68,0.83,1,2.2211,6.119800000000001,2021
01/09/2021,inbursa,4.75,6.0,3.67,0.86,1,3.2895,0.3064,2021
01/09/2021,profuturo,4.75,6.0,3.67,0.83,1,2.5211,5.0771,2021
01/09/2021,coppel,4.75,6.0,3.67,0.85,0,4.2867,1.067,2021
01/09/2021,banamex,4.75,6.0,3.67,0.8,1,0.8207,1.0622,2021
01/09/2021,principal,4.75,6.0,3.67,0.85,1,2.813,0.061500000000000006,2021
01/09/2021,pensionissste,4.75,6.0,3.67,0.53,0,3.3064,1.4993,2021
01/09/2021,sura,4.75,6.0,3.67,0.83,1,0.9968,2.8311,2021
01/09/2021,xxi banorte,4.75,6.0,3.67,0.8,1,2.5135,5.215199999999999,2021
01/09/2021,azteca,4.75,6.0,3.67,0.86,1,3.9623,0.4329,2021
01/09/2021,invercap,4.75,6.0,3.67,0.87,0,2.9129,0.07519999999999999,2021
01/10/2021,invercap,5.0,6.24,3.56,0.87,0,3.4679,0.4183,2021
01/10/2021,inbursa,5.0,6.24,3.56,0.86,1,3.9352,0.08259999999999999,2021
01/10/2021,azteca,5.0,6.24,3.56,0.86,1,4.7712,0.0438,2021
01/10/2021,profuturo,5.0,6.24,3.56,0.83,1,3.0116,8.0303,2021
01/10/2021,coppel,5.0,6.24,3.56,0.85,0,4.5629,-0.0755,2021
01/10/2021,xxi banorte,5.0,6.24,3.56,0.8,1,3.5378,4.7331,2021
01/10/2021,banamex,5.0,6.24,3.56,0.8,1,3.2585,2.2358000000000002,2021
01/10/2021,pensionissste,5.0,6.24,3.56,0.53,0,3.7354,2.0763,2021
01/10/2021,principal,5.0,6.24,3.56,0.85,1,3.3607,0.9503,2021
01/10/2021,sura,5.0,6.24,3.56,0.83,1,1.2091,4.9681999999999995,2021
01/11/2021,inbursa,5.0,7.37,3.4,0.86,1,5.8911,0.4305,2021
01/11/2021,invercap,5.0,7.37,3.4,0.87,0,4.0029,0.5124,2021
01/11/2021,azteca,5.0,7.37,3.4,0.86,1,3.8835,0.2843,2021
01/11/2021,banamex,5.0,7.37,3.4,0.8,1,1.9568,1.2556,2021
01/11/2021,profuturo,5.0,7.37,3.4,0.83,1,2.7368,8.1404,2021
01/11/2021,pensionissste,5.0,7.37,3.4,0.53,0,4.3507,7.7378,2021
01/11/2021,coppel,5.0,7.37,3.4,0.85,0,4.851,0.524,2021
01/11/2021,xxi banorte,5.0,7.37,3.4,0.8,1,3.2508,5.1562,2021
01/11/2021,sura,5.0,7.37,3.4,0.83,1,0.452,7.1787,2021
01/11/2021,principal,5.0,7.37,3.4,0.85,1,3.7575,0.753,2021
01/12/2021,profuturo,5.5,7.36,3.21,0.83,1,3.053,7.8227,2021
01/12/2021,sura,5.5,7.36,3.21,0.83,1,0.8669,6.3049,2021
01/12/2021,coppel,5.5,7.36,3.21,0.85,0,5.5214,-0.0756,2021
01/12/2021,azteca,5.5,7.36,3.21,0.86,1,3.8652,0.0528,2021
01/12/2021,banamex,5.5,7.36,3.21,0.8,1,1.7773,2.1305,2021
01/12/2021,xxi banorte,5.5,7.36,3.21,0.8,1,3.0345,6.069,2021
01/12/2021,invercap,5.5,7.36,3.21,0.87,0,3.9388,0.275,2021
01/12/2021,principal,5.5,7.36,3.21,0.85,1,3.969,0.9412,2021
01/12/2021,inbursa,5.5,7.36,3.21,0.86,1,5.3736,0.3483,2021
01/12/2021,pensionissste,5.5,7.36,3.21,0.53,0,4.5548,4.4989,2021
01/01/2022,principal,5.5,7.07,3.49,0.57,1,1.5703,-0.4891,2022
01/01/2022,xxi banorte,5.5,7.07,3.49,0.57,1,0.2424,-2.134,2022
01/01/2022,profuturo,5.5,7.07,3.49,0.57,1,0.3225,4.3117,2022
01/01/2022,inbursa,5.5,7.07,3.49,0.57,1,4.6153,0.2408,2022
01/01/2022,coppel,5.5,7.07,3.49,0.57,0,3.7762,-0.46090000000000003,2022
01/01/2022,banamex,5.5,7.07,3.49,0.57,1,-4.1027,-2.0994,2022
01/01/2022,sura,5.5,7.07,3.49,0.57,1,-1.6816,1.3877000000000002,2022
01/01/2022,azteca,5.5,7.07,3.49,0.57,1,1.4403,-0.07440000000000001,2022
01/01/2022,pensionissste,5.5,7.07,3.49,0.53,0,3.032,2.3003,2022
01/01/2022,invercap,5.5,7.07,3.49,0.57,0,2.1636,-0.37189999999999995,2022
01/02/2022,banamex,6.0,7.28,3.34,0.57,1,-0.931,-6.6605,2022
01/02/2022,sura,6.0,7.28,3.34,0.57,1,-1.0669,-0.7108,2022
01/02/2022,azteca,6.0,7.28,3.34,0.57,1,1.8974,-0.1705,2022
01/02/2022,profuturo,6.0,7.28,3.34,0.57,1,1.0228,3.4169,2022
01/02/2022,invercap,6.0,7.28,3.34,0.57,0,2.241,-0.44270000000000004,2022
01/02/2022,pensionissste,6.0,7.28,3.34,0.53,0,3.0506,-3.6972000000000005,2022
01/02/2022,xxi banorte,6.0,7.28,3.34,0.57,1,1.1003,-6.2698,2022
01/02/2022,principal,6.0,7.28,3.34,0.57,1,1.8861,-0.4767,2022
01/02/2022,coppel,6.0,7.28,3.34,0.57,0,3.6289,-1.3797,2022
01/02/2022,inbursa,6.0,7.28,3.34,0.57,1,4.3992,0.3468,2022
01/03/2022,invercap,6.5,7.45,3.31,0.57,0,4.1507,0.2205,2022
01/03/2022,xxi banorte,6.5,7.45,3.31,0.57,1,3.6289,4.4611,2022
01/03/2022,pensionissste,6.5,7.45,3.31,0.53,0,4.7333,5.4741,2022
01/03/2022,banamex,6.5,7.45,3.31,0.57,1,3.1972,1.3675,2022
01/03/2022,principal,6.5,7.45,3.31,0.57,1,4.2776,0.7818,2022
01/03/2022,profuturo,6.5,7.45,3.31,0.57,1,3.7716,15.835899999999999,2022
01/03/2022,azteca,6.5,7.45,3.31,0.57,1,4.0828,0.35100000000000003,2022
01/03/2022,inbursa,6.5,7.45,3.31,0.57,1,4.9096,0.43200000000000005,2022
01/03/2022,sura,6.5,7.45,3.31,0.57,1,1.9632,8.6951,2022
01/03/2022,coppel,6.5,7.45,3.31,0.57,0,5.6862,-0.0391,2022
01/04/2022,principal,6.5,7.68,3.1,0.57,1,2.3224,-1.8321,2022
01/04/2022,invercap,6.5,7.68,3.1,0.57,0,3.2999,-0.7231000000000001,2022
01/04/2022,banamex,6.5,7.68,3.1,0.57,1,2.1393,-8.137,2022
01/04/2022,profuturo,6.5,7.68,3.1,0.57,1,1.3094,-8.5956,2022
01/04/2022,azteca,6.5,7.68,3.1,0.57,1,2.6797,-0.49369999999999997,2022
01/04/2022,xxi banorte,6.5,7.68,3.1,0.57,1,2.1907,-9.837200000000001,2022
01/04/2022,pensionissste,6.5,7.68,3.1,0.53,0,4.0192,-9.468300000000001,2022
01/04/2022,coppel,6.5,7.68,3.1,0.57,0,4.2343,-1.6018999999999999,2022
01/04/2022,inbursa,6.5,7.68,3.1,0.57,1,4.9315,-0.7684000000000001,2022
01/04/2022,sura,6.5,7.68,3.1,0.57,1,-0.8521,-10.5767,2022
01/05/2022,invercap,7.0,7.65,3.22,0.57,0,3.2706,0.47409999999999997,2022
01/05/2022,sura,7.0,7.65,3.22,0.57,1,0.1644,11.798800000000002,2022
01/05/2022,azteca,7.0,7.65,3.22,0.57,1,3.2443,-1.358,2022
01/05/2022,xxi banorte,7.0,7.65,3.22,0.57,1,2.0025,12.031099999999999,2022
01/05/2022,coppel,7.0,7.65,3.22,0.57,0,4.4141,-2.569,2022
01/05/2022,pensionissste,7.0,7.65,3.22,0.53,0,4.1676,9.559,2022
01/05/2022,banamex,7.0,7.65,3.22,0.57,1,1.8219,4.1394,2022
01/05/2022,inbursa,7.0,7.65,3.22,0.57,1,4.7873,-0.6074,2022
01/05/2022,profuturo,7.0,7.65,3.22,0.57,1,1.4057,14.959000000000001,2022
01/05/2022,principal,7.0,7.65,3.22,0.57,1,2.5749,1.2370999999999999,2022
01/06/2022,principal,7.75,8.15,3.31,0.57,1,2.9603,-1.2689,2022
01/06/2022,azteca,7.75,8.15,3.31,0.57,1,4.1135,-0.1689,2022
01/06/2022,profuturo,7.75,8.15,3.31,0.57,1,1.1339,-6.5503,2022
01/06/2022,banamex,7.75,8.15,3.31,0.57,1,1.9622,-5.6791,2022
01/06/2022,pensionissste,7.75,8.15,3.31,0.53,0,5.0531,-5.2017999999999995,2022
01/06/2022,invercap,7.75,8.15,3.31,0.57,0,4.5738,-0.7624,2022
01/06/2022,sura,7.75,8.15,3.31,0.57,1,0.901,-9.1437,2022
01/06/2022,coppel,7.75,8.15,3.31,0.57,0,5.4447,-1.0292000000000001,2022
01/06/2022,inbursa,7.75,8.15,3.31,0.57,1,5.5228,-0.7604000000000001,2022
01/06/2022,xxi banorte,7.75,8.15,3.31,0.57,1,2.3577,-5.5509,2022
01/07/2022,invercap,8.0,8.15,3.32,0.57,0,5.0227,0.971,2022
01/07/2022,profuturo,8.0,8.15,3.32,0.57,1,2.4906,21.374200000000002,2022
01/07/2022,sura,8.0,8.15,3.32,0.57,1,1.7474,15.105599999999999,2022
01/07/2022,azteca,8.0,8.15,3.32,0.57,1,4.6096,0.5062,2022
01/07/2022,banamex,8.0,8.15,3.32,0.57,1,1.8074,7.8962,2022
01/07/2022,pensionissste,8.0,8.15,3.32,0.53,0,5.4654,12.5456,2022
01/07/2022,xxi banorte,8.0,8.15,3.32,0.57,1,3.2333,17.214100000000002,2022
01/07/2022,principal,8.0,8.15,3.32,0.57,1,3.9498,1.6912,2022
01/07/2022,coppel,8.0,8.15,3.32,0.57,0,5.9155,0.7653,2022
01/07/2022,inbursa,8.0,8.15,3.32,0.57,1,6.1294,0.18969999999999998,2022
01/08/2022,sura,8.5,8.7,3.24,0.57,1,0.7906,-9.4834,2022
01/08/2022,profuturo,8.5,8.7,3.24,0.57,1,1.406,-5.2074,2022
01/08/2022,principal,8.5,8.7,3.24,0.57,1,2.8507,-0.8929,2022
01/08/2022,invercap,8.5,8.7,3.24,0.57,0,4.5644,-0.7745000000000001,2022
01/08/2022,pensionissste,8.5,8.7,3.24,0.53,0,5.1188,-6.3839,2022
01/08/2022,xxi banorte,8.5,8.7,3.24,0.57,1,2.3504,-4.6347000000000005,2022
01/08/2022,coppel,8.5,8.7,3.24,0.57,0,5.6764,-1.2312,2022
01/08/2022,inbursa,8.5,8.7,3.24,0.57,1,5.6189,-0.7012,2022
01/08/2022,azteca,8.5,8.7,3.24,0.57,1,3.9388,-0.2229,2022
01/08/2022,banamex,8.5,8.7,3.24,0.57,1,1.1577,-5.0716,2022
01/09/2022,inbursa,9.25,8.7,3.22,0.57,1,4.4874,-0.0149,2022
01/09/2022,invercap,9.25,8.7,3.22,0.57,0,4.2205,-0.5163,2022
01/09/2022,principal,9.25,8.7,3.22,0.57,1,1.3708,-0.7715000000000001,2022
01/09/2022,profuturo,9.25,8.7,3.22,0.57,1,0.0372,-5.2292,2022
01/09/2022,pensionissste,9.25,8.7,3.22,0.53,0,4.8687,-2.204,2022
01/09/2022,coppel,9.25,8.7,3.22,0.57,0,5.6223,0.0095,2022
01/09/2022,xxi banorte,9.25,8.7,3.22,0.57,1,0.8401,-1.9431,2022
01/09/2022,sura,9.25,8.7,3.22,0.57,1,-0.0674,-7.5582,2022
01/09/2022,banamex,9.25,8.7,3.22,0.57,1,-0.9658,-3.2825,2022
01/09/2022,azteca,9.25,8.7,3.22,0.57,1,3.4503,0.016200000000000003,2022
01/10/2022,coppel,9.25,8.41,3.11,0.57,0,5.6847,0.21760000000000002,2022
01/10/2022,profuturo,9.25,8.41,3.11,0.57,1,-0.1368,8.1022,2022
01/10/2022,azteca,9.25,8.41,3.11,0.57,1,3.3991,0.0602,2022
01/10/2022,principal,9.25,8.41,3.11,0.57,1,1.3709,0.6962,2022
01/10/2022,banamex,9.25,8.41,3.11,0.57,1,-1.6728,2.0586,2022
01/10/2022,pensionissste,9.25,8.41,3.11,0.53,0,4.963,4.659,2022
01/10/2022,invercap,9.25,8.41,3.11,0.57,0,4.083,0.10099999999999999,2022
01/10/2022,sura,9.25,8.41,3.11,0.57,1,0.2441,4.0679,2022
01/10/2022,inbursa,9.25,8.41,3.11,0.57,1,4.4008,0.1924,2022
01/10/2022,xxi banorte,9.25,8.41,3.11,0.57,1,0.793,2.1729,2022
01/11/2022,sura,10.0,7.8,3.01,0.57,1,2.2872,19.208299999999998,2022
01/11/2022,invercap,10.0,7.8,3.01,0.57,0,4.1973,1.2076,2022
01/11/2022,banamex,10.0,7.8,3.01,0.57,1,0.4169,9.6507,2022
01/11/2022,profuturo,10.0,7.8,3.01,0.57,1,1.4708,20.6494,2022
01/11/2022,inbursa,10.0,7.8,3.01,0.57,1,3.6008,0.6048,2022
01/11/2022,pensionissste,10.0,7.8,3.01,0.53,0,5.1953,15.3801,2022
01/11/2022,azteca,10.0,7.8,3.01,0.57,1,4.5118,0.5751,2022
01/11/2022,xxi banorte,10.0,7.8,3.01,0.57,1,1.9267,21.235799999999998,2022
01/11/2022,principal,10.0,7.8,3.01,0.57,1,2.5574,2.5088,2022
01/11/2022,coppel,10.0,7.8,3.01,0.57,0,5.9392,1.5532,2022
01/12/2022,azteca,10.5,7.82,2.88,0.57,1,4.7268,0.0849,2022
01/12/2022,sura,10.5,7.82,2.88,0.57,1,2.5021,-0.7570999999999999,2022
01/12/2022,profuturo,10.5,7.82,2.88,0.57,1,2.1817,-2.9854000000000003,2022
01/12/2022,invercap,10.5,7.82,2.88,0.57,0,4.8407,-0.161,2022
01/12/2022,pensionissste,10.5,7.82,2.88,0.53,0,5.6491,0.0487,2022
01/12/2022,coppel,10.5,7.82,2.88,0.57,0,5.6891,0.0008,2022
01/12/2022,inbursa,10.5,7.82,2.88,0.57,1,5.1022,-0.10890000000000001,2022
01/12/2022,principal,10.5,7.82,2.88,0.57,1,3.1603,0.2224,2022
01/12/2022,xxi banorte,10.5,7.82,2.88,0.57,1,2.5748,2.4074,2022
01/12/2022,banamex,10.5,7.82,2.88,0.57,1,1.6947,-1.2393,2022
01/01/2023,xxi banorte,10.5,7.91,2.95,0.57,1,5.0858,18.145899999999997,2023
01/01/2023,profuturo,10.5,7.91,2.95,0.57,1,4.9404,18.4222,2023
01/01/2023,coppel,10.5,7.91,2.95,0.57,0,7.2353,1.6579,2023
01/01/2023,pensionissste,10.5,7.91,2.95,0.53,0,6.8674,18.1416,2023
01/01/2023,principal,10.5,7.91,2.95,0.57,1,5.6911,2.4393000000000002,2023
01/01/2023,inbursa,10.5,7.91,2.95,0.57,1,5.397,0.8128,2023
01/01/2023,azteca,10.5,7.91,2.95,0.57,1,6.6932,0.6575,2023
01/01/2023,invercap,10.5,7.91,2.95,0.57,0,6.1545,1.2626,2023
01/01/2023,sura,10.5,7.91,2.95,0.57,1,5.097,17.3587,2023
01/01/2023,banamex,10.5,7.91,2.95,0.57,1,5.8965,8.6683,2023
01/02/2023,azteca,11.0,7.62,2.98,0.57,1,6.0516,-0.2208,2023
01/02/2023,inbursa,11.0,7.62,2.98,0.57,1,4.7269,-0.3329,2023
01/02/2023,pensionissste,11.0,7.62,2.98,0.53,0,6.5054,-5.9572,2023
01/02/2023,principal,11.0,7.62,2.98,0.57,1,4.307,-1.2866,2023
01/02/2023,invercap,11.0,7.62,2.98,0.57,0,5.5838,-0.6739,2023
01/02/2023,coppel,11.0,7.62,2.98,0.57,0,6.7447,-0.7323000000000001,2023
01/02/2023,profuturo,11.0,7.62,2.98,0.57,1,3.5509,-10.611099999999999,2023
01/02/2023,sura,11.0,7.62,2.98,0.57,1,4.1683,-11.812999999999999,2023
01/02/2023,banamex,11.0,7.62,2.98,0.57,1,4.1114,-5.1847,2023
01/02/2023,xxi banorte,11.0,7.62,2.98,0.57,1,2.6382,-10.0651,2023
01/03/2023,invercap,11.25,6.85,2.75,0.57,0,5.8701,0.9895999999999999,2023
01/03/2023,profuturo,11.25,6.85,2.75,0.57,1,4.4755,13.742,2023
01/03/2023,coppel,11.25,6.85,2.75,0.57,0,6.633,1.2256,2023
01/03/2023,xxi banorte,11.25,6.85,2.75,0.57,1,5.093,17.9006,2023
01/03/2023,principal,11.25,6.85,2.75,0.57,1,5.2044,1.6197,2023
01/03/2023,sura,11.25,6.85,2.75,0.57,1,5.4197,13.276,2023
01/03/2023,banamex,11.25,6.85,2.75,0.57,1,5.7691,7.2376,2023
01/03/2023,pensionissste,11.25,6.85,2.75,0.53,0,6.7517,9.344199999999999,2023
01/03/2023,azteca,11.25,6.85,2.75,0.57,1,6.737,0.5454,2023
01/03/2023,inbursa,11.25,6.85,2.75,0.57,1,5.5267,0.517,2023
01/04/2023,invercap,11.25,6.25,2.71,0.57,0,5.747,-0.0086,2023
01/04/2023,azteca,11.25,6.25,2.71,0.57,1,7.1096,0.0479,2023
01/04/2023,coppel,11.25,6.25,2.71,0.57,0,6.6252,-0.039599999999999996,2023
01/04/2023,pensionissste,11.25,6.25,2.71,0.53,0,6.8639,0.7645000000000001,2023
01/04/2023,principal,11.25,6.25,2.71,0.57,1,5.7413,0.198,2023
01/04/2023,sura,11.25,6.25,2.71,0.57,1,6.9443,0.6948000000000001,2023
01/04/2023,banamex,11.25,6.25,2.71,0.57,1,5.5866,-0.1335,2023
01/04/2023,inbursa,11.25,6.25,2.71,0.57,1,5.1477,-0.060599999999999994,2023
01/04/2023,profuturo,11.25,6.25,2.71,0.57,1,5.6752,1.0937000000000001,2023
01/04/2023,xxi banorte,11.25,6.25,2.71,0.57,1,5.3363,-0.1149,2023
01/05/2023,inbursa,11.25,5.84,2.84,0.57,1,5.492,0.3772,2023
01/05/2023,invercap,11.25,5.84,2.84,0.57,0,6.0869,0.32530000000000003,2023
01/05/2023,pensionissste,11.25,5.84,2.84,0.53,0,7.0487,13.086500000000001,2023
01/05/2023,profuturo,11.25,5.84,2.84,0.57,1,5.1703,3.5370999999999997,2023
01/05/2023,coppel,11.25,5.84,2.84,0.57,0,6.9562,0.6373,2023
01/05/2023,banamex,11.25,5.84,2.84,0.57,1,5.185,2.5369,2023
01/05/2023,sura,11.25,5.84,2.84,0.57,1,6.2938,2.7272000000000003,2023
01/05/2023,azteca,11.25,5.84,2.84,0.57,1,6.9845,0.32,2023
01/05/2023,principal,11.25,5.84,2.84,0.57,1,5.687,0.3932,2023
01/05/2023,xxi banorte,11.25,5.84,2.84,0.57,1,5.3517,7.1989,2023
01/06/2023,inbursa,11.25,5.06,2.75,0.57,1,4.9493,0.0691,2023
01/06/2023,coppel,11.25,5.06,2.75,0.57,0,6.5048,0.10289999999999999,2023
01/06/2023,profuturo,11.25,5.06,2.75,0.57,1,6.3406,8.578899999999999,2023
01/06/2023,sura,11.25,5.06,2.75,0.57,1,7.4797,5.6237,2023
01/06/2023,azteca,11.25,5.06,2.75,0.57,1,7.3861,0.1211,2023
01/06/2023,xxi banorte,11.25,5.06,2.75,0.57,1,6.0086,4.8614,2023
01/06/2023,principal,11.25,5.06,2.75,0.57,1,6.5967,0.7731999999999999,2023
01/06/2023,pensionissste,11.25,5.06,2.75,0.53,0,7.0909,4.4156,2023
01/06/2023,banamex,11.25,5.06,2.75,0.57,1,6.3593,1.7228,2023
01/06/2023,invercap,11.25,5.06,2.75,0.57,0,5.8031,0.3059,2023
01/07/2023,coppel,11.25,4.79,3.06,0.57,0,5.4149,-1.2937,2023
01/07/2023,profuturo,11.25,4.79,3.06,0.57,1,4.6713,24.5823,2023
01/07/2023,principal,11.25,4.79,3.06,0.57,1,5.0189,1.7443,2023
01/07/2023,invercap,11.25,4.79,3.06,0.57,0,5.1423,-0.7433,2023
01/07/2023,xxi banorte,11.25,4.79,3.06,0.57,1,4.7563,11.3598,2023
01/07/2023,azteca,11.25,4.79,3.06,0.57,1,6.723,-0.22390000000000002,2023
01/07/2023,sura,11.25,4.79,3.06,0.57,1,6.1275,6.1163,2023
01/07/2023,banamex,11.25,4.79,3.06,0.57,1,5.5699,-1.3284,2023
01/07/2023,pensionissste,11.25,4.79,3.06,0.53,0,6.7895,7.5137,2023
01/07/2023,inbursa,11.25,4.79,3.06,0.57,1,4.0929,-0.8405,2023
01/08/2023,invercap,11.25,4.64,2.91,0.57,0,4.9566,-0.7383,2023
01/08/2023,sura,11.25,4.64,2.91,0.57,1,5.842,-7.8208,2023
01/08/2023,banamex,11.25,4.64,2.91,0.57,1,4.3585,-4.9715,2023
01/08/2023,azteca,11.25,4.64,2.91,0.57,1,6.669,-0.2838,2023
01/08/2023,profuturo,11.25,4.64,2.91,0.57,1,3.6405,-4.7886,2023
01/08/2023,pensionissste,11.25,4.64,2.91,0.53,0,5.8466,-5.5706,2023
01/08/2023,xxi banorte,11.25,4.64,2.91,0.57,1,4.2379,-4.9955,2023
01/08/2023,principal,11.25,4.64,2.91,0.57,1,4.5192,-1.1604,2023
01/08/2023,coppel,11.25,4.64,2.91,0.57,0,4.686,-0.9056000000000001,2023
01/08/2023,inbursa,11.25,4.64,2.91,0.57,1,3.9986,-0.2791,2023
01/09/2023,inbursa,11.25,4.45,2.91,0.57,1,5.1917,0.3059,2023
01/09/2023,pensionissste,11.25,4.45,2.91,0.53,0,5.8519,-4.3957,2023
01/09/2023,azteca,11.25,4.45,2.91,0.57,1,7.2437,2.9808,2023
01/09/2023,principal,11.25,4.45,2.91,0.57,1,5.4805,-0.0349,2023
01/09/2023,profuturo,11.25,4.45,2.91,0.57,1,4.418,3.2226999999999997,2023
01/09/2023,invercap,11.25,4.45,2.91,0.57,0,5.5706,-0.2212,2023
01/09/2023,coppel,11.25,4.45,2.91,0.57,0,4.0435,-0.19269999999999998,2023
01/09/2023,xxi banorte,11.25,4.45,2.91,0.57,1,5.3931,4.76,2023
01/09/2023,sura,11.25,4.45,2.91,0.57,1,6.5803,0.2218,2023
01/09/2023,banamex,11.25,4.45,2.91,0.57,1,6.3444,-0.12240000000000001,2023
01/10/2023,coppel,11.25,4.26,2.77,0.57,0,3.2672,3.8032999999999997,2023
01/10/2023,inbursa,11.25,4.26,2.77,0.57,1,5.4661,0.1023,2023
01/10/2023,azteca,11.25,4.26,2.77,0.57,1,6.8643,0.0395,2023
01/10/2023,xxi banorte,11.25,4.26,2.77,0.57,1,4.577,1.1745999999999999,2023
01/10/2023,banamex,11.25,4.26,2.77,0.57,1,5.0323,-2.8280000000000003,2023
01/10/2023,profuturo,11.25,4.26,2.77,0.57,1,3.1793,-0.0713,2023
01/10/2023,sura,11.25,4.26,2.77,0.57,1,5.963,-4.4312000000000005,2023
01/10/2023,principal,11.25,4.26,2.77,0.57,1,4.6166,-0.26030000000000003,2023
01/10/2023,invercap,11.25,4.26,2.77,0.57,0,5.3849,-0.18359999999999999,2023
01/10/2023,pensionissste,11.25,4.26,2.77,0.53,0,5.0588,-4.1397,2023
01/11/2023,xxi banorte,11.25,4.32,2.61,0.57,1,7.3551,30.5416,2023
01/11/2023,principal,11.25,4.32,2.61,0.57,1,7.2149,3.0463,2023
01/11/2023,azteca,11.25,4.32,2.61,0.57,1,9.6688,0.7491,2023
01/11/2023,sura,11.25,4.32,2.61,0.57,1,8.2714,21.960300000000004,2023
01/11/2023,pensionissste,11.25,4.32,2.61,0.53,0,8.26,21.9036,2023
01/11/2023,profuturo,11.25,4.32,2.61,0.57,1,6.6689,32.549,2023
01/11/2023,inbursa,11.25,4.32,2.61,0.57,1,7.0993,1.1440000000000001,2023
01/11/2023,banamex,11.25,4.32,2.61,0.57,1,8.3071,11.368699999999999,2023
01/11/2023,coppel,11.25,4.32,2.61,0.57,0,6.7662,2.965,2023
01/11/2023,invercap,11.25,4.32,2.61,0.57,0,7.8215,1.2832,2023
01/12/2023,inbursa,11.25,4.66,2.7,0.57,1,6.5327,0.4612,2023
01/12/2023,coppel,11.25,4.66,2.7,0.57,0,6.9426,0.6823999999999999,2023
01/12/2023,pensionissste,11.25,4.66,2.7,0.53,0,8.6917,10.2983,2023
01/12/2023,profuturo,11.25,4.66,2.7,0.57,1,6.8067,17.9446,2023
01/12/2023,banamex,11.25,4.66,2.7,0.57,1,7.53,4.865,2023
01/12/2023,invercap,11.25,4.66,2.7,0.57,0,7.4929,0.5196999999999999,2023
01/12/2023,xxi banorte,11.25,4.66,2.7,0.57,1,7.7586,14.9795,2023
01/12/2023,sura,11.25,4.66,2.7,0.57,1,8.0268,9.8185,2023
01/12/2023,principal,11.25,4.66,2.7,0.57,1,7.0846,1.7832,2023
01/12/2023,azteca,11.25,4.66,2.7,0.57,1,9.1195,0.129,2023
01/01/2024,azteca,11.25,4.88,2.9,0.57,1,8.7751,0.3236,2024
01/01/2024,xxi banorte,11.25,4.88,2.9,0.57,1,6.6071,14.0535,2024
01/01/2024,banamex,11.25,4.88,2.9,0.57,1,5.8505,2.8186,2024
01/01/2024,coppel,11.25,4.88,2.9,0.57,0,7.1607,0.7492,2024
01/01/2024,profuturo,11.25,4.88,2.9,0.57,1,5.4442,13.451199999999998,2024
01/01/2024,sura,11.25,4.88,2.9,0.57,1,7.0266,4.0805,2024
01/01/2024,invercap,11.25,4.88,2.9,0.57,0,7.5957,0.18469999999999998,2024
01/01/2024,pensionissste,11.25,4.88,2.9,0.53,0,8.3265,9.826699999999999,2024
01/01/2024,principal,11.25,4.88,2.9,0.57,1,6.0992,0.5154,2024
01/01/2024,inbursa,11.25,4.88,2.9,0.57,1,7.1407,0.08259999999999999,2024
01/02/2024,sura,11.25,4.4,2.74,0.57,1,8.6957,1.4703,2024
01/02/2024,pensionissste,11.25,4.4,2.74,0.53,0,8.5397,1.3215000000000001,2024
01/02/2024,invercap,11.25,4.4,2.74,0.57,0,8.3301,-0.1306,2024
01/02/2024,coppel,11.25,4.4,2.74,0.57,0,7.4403,-0.46240000000000003,2024
01/02/2024,xxi banorte,11.25,4.4,2.74,0.57,1,7.9585,6.7128,2024
01/02/2024,principal,11.25,4.4,2.74,0.57,1,7.7827,0.1409,2024
01/02/2024,banamex,11.25,4.4,2.74,0.57,1,7.6694,0.2466,2024
01/02/2024,azteca,11.25,4.4,2.74,0.57,1,9.6251,-0.2016,2024
01/02/2024,profuturo,11.25,4.4,2.74,0.57,1,6.8589,5.8072,2024
01/02/2024,inbursa,11.25,4.4,2.74,0.57,1,7.5425,-0.272,2024
01/03/2024,principal,11.0,4.42,2.68,0.57,1,5.8748,0.4833,2024
01/03/2024,azteca,11.0,4.42,2.68,0.57,1,8.3382,0.1816,2024
01/03/2024,inbursa,11.0,4.42,2.68,0.57,1,6.2563,0.0458,2024
01/03/2024,pensionissste,11.0,4.42,2.68,0.53,0,6.8125,6.2604,2024
01/03/2024,profuturo,11.0,4.42,2.68,0.57,1,4.0866,11.961300000000001,2024
01/03/2024,sura,11.0,4.42,2.68,0.57,1,6.9001,5.3287,2024
01/03/2024,banamex,11.0,4.42,2.68,0.57,1,4.4581,1.7097,2024
01/03/2024,xxi banorte,11.0,4.42,2.68,0.57,1,6.0611,13.5251,2024
01/03/2024,coppel,11.0,4.42,2.68,0.57,0,6.1497,0.24,2024
01/03/2024,invercap,11.0,4.42,2.68,0.57,0,7.042,0.1294,2024
01/04/2024,profuturo,11.0,4.65,2.76,0.57,1,2.348,-9.6416,2024
01/04/2024,banamex,11.0,4.65,2.76,0.57,1,3.5874,-7.3276,2024
01/04/2024,coppel,11.0,4.65,2.76,0.57,0,4.9963,-1.1669,2024
01/04/2024,inbursa,11.0,4.65,2.76,0.57,1,5.9505,-0.5041,2024
01/04/2024,xxi banorte,11.0,4.65,2.76,0.57,1,4.9477,-6.3838,2024
01/04/2024,pensionissste,11.0,4.65,2.76,0.53,0,5.3054,-7.8273,2024
01/04/2024,sura,11.0,4.65,2.76,0.57,1,5.2451,-10.8408,2024
01/04/2024,invercap,11.0,4.65,2.76,0.57,0,6.2338,-0.9719,2024
01/04/2024,azteca,11.0,4.65,2.76,0.57,1,7.1608,-0.5952000000000001,2024
01/04/2024,principal,11.0,4.65,2.76,0.57,1,4.3505,-1.8248,2024
01/05/2024,invercap,11.0,4.69,2.79,0.57,0,6.8155,0.4924,2024
01/05/2024,sura,11.0,4.69,2.79,0.57,1,5.9995,11.119200000000001,2024
01/05/2024,banamex,11.0,4.69,2.79,0.57,1,4.7972,5.337999999999999,2024
01/05/2024,coppel,11.0,4.69,2.79,0.57,0,5.5133,0.5288,2024
01/05/2024,xxi banorte,11.0,4.69,2.79,0.57,1,5.9849,20.3673,2024
01/05/2024,principal,11.0,4.69,2.79,0.57,1,5.2339,1.6332,2024
01/05/2024,pensionissste,11.0,4.69,2.79,0.53,0,6.0921,21.979499999999998,2024
01/05/2024,azteca,11.0,4.69,2.79,0.57,1,7.4926,0.3789,2024
01/05/2024,inbursa,11.0,4.69,2.79,0.57,1,6.6943,0.4118,2024
01/05/2024,profuturo,11.0,4.69,2.79,0.57,1,3.6662,20.6512,2024
01/06/2024,principal,10.75,4.98,2.84,0.57,1,4.7428,0.38420000000000004,2024
01/06/2024,xxi banorte,10.75,4.98,2.84,0.57,1,6.1146,10.8484,2024
01/06/2024,pensionissste,10.75,4.98,2.84,0.53,0,5.7306,2.1338,2024
01/06/2024,profuturo,10.75,4.98,2.84,0.57,1,3.3698,13.4733,2024
01/06/2024,sura,10.75,4.98,2.84,0.57,1,5.2508,3.9737,2024
01/06/2024,banamex,10.75,4.98,2.84,0.57,1,3.2646,1.0264,2024
01/06/2024,coppel,10.75,4.98,2.84,0.57,0,5.1992,-0.35119999999999996,2024
01/06/2024,inbursa,10.75,4.98,2.84,0.57,1,7.5187,-0.1765,2024
01/06/2024,invercap,10.75,4.98,2.84,0.57,0,6.7156,0.07150000000000001,2024
01/06/2024,azteca,10.75,4.98,2.84,0.57,1,7.0044,-0.0088,2024
01/07/2024,profuturo,10.75,5.57,2.91,0.57,1,4.9443,22.6127,2024
01/07/2024,coppel,10.75,5.57,2.91,0.57,0,7.5184,0.3333,2024
01/07/2024,xxi banorte,10.75,5.57,2.91,0.57,1,7.3338,23.5603,2024
01/07/2024,azteca,10.75,5.57,2.91,0.57,1,7.9092,0.24710000000000001,2024
01/07/2024,principal,10.75,5.57,2.91,0.57,1,6.2317,1.2467,2024
01/07/2024,invercap,10.75,5.57,2.91,0.57,0,8.0725,0.41350000000000003,2024
01/07/2024,banamex,10.75,5.57,2.91,0.57,1,4.1981,3.2302,2024
01/07/2024,sura,10.75,5.57,2.91,0.57,1,6.539,9.4264,2024
01/07/2024,pensionissste,10.75,5.57,2.91,0.53,0,6.4248,12.7904,2024
01/07/2024,inbursa,10.75,5.57,2.91,0.57,1,8.8932,0.3296,2024
01/08/2024,azteca,10.75,5.16,2.89,0.57,1,8.8365,0.3048,2024
01/08/2024,xxi banorte,10.75,5.16,2.89,0.57,1,10.0796,14.6971,2024
01/08/2024,sura,10.75,5.16,2.89,0.57,1,8.8401,13.978699999999998,2024
01/08/2024,pensionissste,10.75,5.16,2.89,0.53,0,8.63,13.507,2024
01/08/2024,inbursa,10.75,5.16,2.89,0.57,1,10.3839,0.44659999999999994,2024
01/08/2024,profuturo,10.75,5.16,2.89,0.57,1,8.2833,17.3812,2024
01/08/2024,invercap,10.75,5.16,2.89,0.57,0,9.7055,0.6837000000000001,2024
01/08/2024,banamex,10.75,5.16,2.89,0.57,1,6.4908,4.572,2024
01/08/2024,principal,10.75,5.16,2.89,0.57,1,8.8748,1.8859000000000001,2024
01/08/2024,coppel,10.75,5.16,2.89,0.57,0,9.2429,0.7929,2024
01/09/2024,invercap,10.5,4.58,2.97,0.57,0,11.6615,0.2488,2024
01/09/2024,profuturo,10.5,4.58,2.97,0.57,1,12.566,22.276999999999997,2024
01/09/2024,coppel,10.5,4.58,2.97,0.57,0,12.427,-0.6259,2024
01/09/2024,inbursa,10.5,4.58,2.97,0.57,1,11.6632,1.578,2024
01/09/2024,xxi banorte,10.5,4.58,2.97,0.57,1,13.2639,24.1225,2024
01/09/2024,azteca,10.5,4.58,2.97,0.57,1,11.0535,0.33149999999999996,2024
01/09/2024,sura,10.5,4.58,2.97,0.57,1,12.5658,13.3397,2024
01/09/2024,principal,10.5,4.58,2.97,0.57,1,12.2086,1.6184,2024
01/09/2024,pensionissste,10.5,4.58,2.97,0.53,0,11.0752,17.7003,2024
01/09/2024,banamex,10.5,4.58,2.97,0.57,1,10.2115,-0.8240999999999999,2024
01/10/2024,coppel,10.25,4.76,2.95,0.57,0,11.5103,-0.5736,2024
01/10/2024,invercap,10.25,4.76,2.95,0.57,0,10.6548,-0.45539999999999997,2024
01/10/2024,sura,10.25,4.76,2.95,0.57,1,11.5513,-5.131,2024
01/10/2024,azteca,10.25,4.76,2.95,0.57,1,10.1744,-0.2661,2024
01/10/2024,xxi banorte,10.25,4.76,2.95,0.57,1,12.1616,4.0713,2024
01/10/2024,principal,10.25,4.76,2.95,0.57,1,11.3673,-0.4768,2024
01/10/2024,banamex,10.25,4.76,2.95,0.57,1,9.549,-3.3771,2024
01/10/2024,inbursa,10.25,4.76,2.95,0.57,1,10.7389,-0.177,2024
01/10/2024,profuturo,10.25,4.76,2.95,0.57,1,12.0203,-1.614,2024
01/10/2024,pensionissste,10.25,4.76,2.95,0.53,0,10.7797,-6.8098,2024
01/11/2024,invercap,10.25,4.55,2.9,0.57,0,8.3237,0.5848,2024
01/11/2024,xxi banorte,10.25,4.55,2.9,0.57,1,8.5924,26.6884,2024
01/11/2024,principal,10.25,4.55,2.9,0.57,1,7.5499,1.9728999999999999,2024
01/11/2024,coppel,10.25,4.55,2.9,0.57,0,8.089,0.6978,2024
01/11/2024,profuturo,10.25,4.55,2.9,0.57,1,6.6625,22.323400000000003,2024
01/11/2024,banamex,10.25,4.55,2.9,0.57,1,4.2629,4.7203,2024
01/11/2024,sura,10.25,4.55,2.9,0.57,1,8.3215,12.957,2024
01/11/2024,pensionissste,10.25,4.55,2.9,0.53,0,7.3216,14.281300000000002,2024
01/11/2024,azteca,10.25,4.55,2.9,0.57,1,7.1533,0.32159999999999994,2024
01/11/2024,inbursa,10.25,4.55,2.9,0.57,1,9.0285,0.3283,2024
01/12/2024,principal,10.0,4.21,2.82,0.57,1,5.4757,-0.1866,2024
01/12/2024,banamex,10.0,4.21,2.82,0.57,1,1.9578,-2.708,2024
01/12/2024,pensionissste,10.0,4.21,2.82,0.53,0,5.6841,-1.8805,2024
01/12/2024,invercap,10.0,4.21,2.82,0.57,0,7.1444,-0.3871,2024
01/12/2024,inbursa,10.0,4.21,2.82,0.57,1,8.096,-0.08539999999999999,2024
01/12/2024,azteca,10.0,4.21,2.82,0.57,1,6.2437,-0.1191,2024
01/12/2024,xxi banorte,10.0,4.21,2.82,0.57,1,6.1218,1.406,2024
01/12/2024,coppel,10.0,4.21,2.82,0.57,0,6.5921,-0.4025,2024
01/12/2024,profuturo,10.0,4.21,2.82,0.57,1,3.674,-3.5997000000000003,2024
01/12/2024,sura,10.0,4.21,2.82,0.57,1,6.2944,-4.463,2024
01/01/2025,xxi banorte,9.5,3.59,2.9,0.55,1,7.7104,27.1292,2025
01/01/2025,profuturo,9.5,3.59,2.9,0.55,1,5.9097,24.7365,2025
01/01/2025,pensionissste,9.5,3.59,2.9,0.52,0,7.0175,19.938399999999998,2025
01/01/2025,inbursa,9.5,3.59,2.9,0.55,1,8.3953,0.647,2025
01/01/2025,azteca,9.5,3.59,2.9,0.55,1,7.0981,0.5313,2025
01/01/2025,invercap,9.5,3.59,2.9,0.55,0,8.1078,0.8154,2025
01/01/2025,banamex,9.5,3.59,2.9,0.55,1,3.5572,5.5591,2025
01/01/2025,principal,9.5,3.59,2.9,0.55,1,7.0308,1.8354,2025
01/01/2025,coppel,9.5,3.59,2.9,0.55,0,7.1773,1.0537999999999998,2025
01/01/2025,sura,9.5,3.59,2.9,0.55,1,7.5961,13.5319,2025
01/02/2025,sura,9.0,3.77,2.85,0.55,1,9.3667,8.019400000000001,2025
01/02/2025,xxi banorte,9.0,3.77,2.85,0.55,1,9.3248,18.3178,2025
01/02/2025,coppel,9.0,3.77,2.85,0.55,0,9.2473,0.06860000000000001,2025
01/02/2025,pensionissste,9.0,3.77,2.85,0.52,0,8.713,9.0996,2025
01/02/2025,inbursa,9.0,3.77,2.85,0.55,1,10.0687,0.37020000000000003,2025
01/02/2025,principal,9.0,3.77,2.85,0.55,1,8.6762,0.9890000000000001,2025
01/02/2025,banamex,9.0,3.77,2.85,0.55,1,6.3264,2.1216,2025
01/02/2025,profuturo,9.0,3.77,2.85,0.55,1,8.593,10.8764,2025
01/02/2025,invercap,9.0,3.77,2.85,0.55,0,9.7716,0.2457,2025
01/02/2025,azteca,9.0,3.77,2.85,0.55,1,8.6128,0.2114,2025
01/03/2025,coppel,9.0,3.8,2.8,0.55,0,11.3027,-1.1151,2025
01/03/2025,profuturo,9.0,3.8,2.8,0.55,1,11.3367,7.823300000000001,2025
01/03/2025,sura,9.0,3.8,2.8,0.55,1,10.6419,3.5765,2025
01/03/2025,invercap,9.0,3.8,2.8,0.55,0,11.3914,-0.11869999999999999,2025
01/03/2025,xxi banorte,9.0,3.8,2.8,0.55,1,11.0327,21.032899999999998,2025
01/03/2025,inbursa,9.0,3.8,2.8,0.55,1,11.895,0.7447,2025
01/03/2025,banamex,9.0,3.8,2.8,0.55,1,9.4246,-0.7781999999999999,2025
01/03/2025,azteca,9.0,3.8,2.8,0.55,1,10.0957,0.2016,2025
01/03/2025,pensionissste,9.0,3.8,2.8,0.52,0,10.5541,4.4419,2025
01/03/2025,principal,9.0,3.8,2.8,0.55,1,10.5917,0.5273,2025
01/04/2025,sura,8.5,3.93,2.78,0.55,1,12.3882,0.21050000000000002,2025
01/04/2025,pensionissste,8.5,3.93,2.78,0.52,0,12.1529,0.3823,2025
01/04/2025,profuturo,8.5,3.93,2.78,0.55,1,13.5842,1.3044,2025
01/04/2025,coppel,8.5,3.93,2.78,0.55,0,13.0415,-0.8225,2025
01/04/2025,banamex,8.5,3.93,2.78,0.55,1,11.742,-3.0128,2025
01/04/2025,inbursa,8.5,3.93,2.78,0.55,1,12.5798,0.6401,2025
01/04/2025,xxi banorte,8.5,3.93,2.78,0.55,1,12.2671,6.6301,2025
01/04/2025,invercap,8.5,3.93,2.78,0.55,0,12.5257,-0.4305,2025
01/04/2025,azteca,8.5,3.93,2.78,0.55,1,11.8853,-0.12369999999999999,2025
01/04/2025,principal,8.5,3.93,2.78,0.55,1,12.0843,-0.7456999999999999,2025
01/05/2025,pensionissste,8.5,3.83,2.75,0.52,0,12.1267,27.559099999999997,2025
01/05/2025,inbursa,8.5,3.83,2.75,0.55,1,12.5518,0.6301,2025
01/05/2025,coppel,8.5,3.83,2.75,0.55,0,12.8064,0.7281,2025
01/05/2025,invercap,8.5,3.83,2.75,0.55,0,12.6572,0.5692,2025
01/05/2025,sura,8.5,3.83,2.75,0.55,1,12.2075,15.1355,2025
01/05/2025,xxi banorte,8.5,3.83,2.75,0.55,1,12.4897,28.3569,2025
01/05/2025,banamex,8.5,3.83,2.75,0.55,1,10.8783,5.6528,2025
01/05/2025,azteca,8.5,3.83,2.75,0.55,1,11.7914,0.4698,2025
01/05/2025,principal,8.5,3.83,2.75,0.55,1,12.0532,1.9591999999999998,2025
01/05/2025,profuturo,8.5,3.83,2.75,0.55,1,13.0905,29.154600000000002,2025
01/06/2025,profuturo,8.0,3.72,2.72,0.55,1,13.4619,14.3373,2025
01/06/2025,invercap,8.0,3.72,2.72,0.55,0,12.9506,0.17600000000000002,2025
01/06/2025,inbursa,8.0,3.72,2.72,0.55,1,12.0616,0.0552,2025
01/06/2025,azteca,8.0,3.72,2.72,0.55,1,12.3407,0.028300000000000002,2025
01/06/2025,principal,8.0,3.72,2.72,0.55,1,12.2706,0.9881,2025
01/06/2025,pensionissste,8.0,3.72,2.72,0.52,0,12.4745,3.864,2025
01/06/2025,banamex,8.0,3.72,2.72,0.55,1,12.1907,1.8605,2025
01/06/2025,coppel,8.0,3.72,2.72,0.55,0,13.6296,-0.36210000000000003,2025
01/06/2025,xxi banorte,8.0,3.72,2.72,0.55,1,12.3965,13.9229,2025
01/06/2025,sura,8.0,3.72,2.72,0.55,1,12.8232,4.5705,2025
01/07/2025,azteca,8.0,3.68,2.7,0.55,1,11.5233,0.24050000000000002,2025
01/07/2025,inbursa,8.0,3.68,2.7,0.55,1,11.394,0.3933,2025
01/07/2025,banamex,8.0,3.68,2.7,0.55,1,11.7021,2.1848,2025
01/07/2025,coppel,8.0,3.68,2.7,0.55,0,12.1405,0.177,2025
01/07/2025,invercap,8.0,3.68,2.7,0.55,0,11.9267,0.1907,2025
01/07/2025,principal,8.0,3.68,2.7,0.55,1,11.2227,1.2381,2025
01/07/2025,xxi banorte,8.0,3.68,2.7,0.55,1,11.598,25.347399999999997,2025
01/07/2025,sura,8.0,3.68,2.7,0.55,1,11.9435,7.507000000000001,2025
01/07/2025,profuturo,8.0,3.68,2.7,0.55,1,12.6608,18.776600000000002,2025
01/07/2025,pensionissste,8.0,3.68,2.7,0.52,0,11.6598,8.614700000000001,2025
01/08/2025,sura,7.75,3.58,2.68,0.55,1,11.5836,7.9223,2025
01/08/2025,principal,7.75,3.58,2.68,0.55,1,10.8111,1.3909,2025
01/08/2025,banamex,7.75,3.58,2.68,0.55,1,11.8475,2.0654,2025
01/08/2025,pensionissste,7.75,3.58,2.68,0.52,0,11.1639,7.0549,2025
01/08/2025,coppel,7.75,3.58,2.68,0.55,0,11.776,0.067,2025
01/08/2025,profuturo,7.75,3.58,2.68,0.55,1,12.3535,14.7705,2025
01/08/2025,azteca,7.75,3.58,2.68,0.55,1,11.9437,0.08070000000000001,2025
01/08/2025,inbursa,7.75,3.58,2.68,0.55,1,10.6454,0.19399999999999998,2025
01/08/2025,xxi banorte,7.75,3.58,2.68,0.55,1,10.7841,17.7002,2025
01/08/2025,invercap,7.75,3.58,2.68,0.55,0,11.4509,0.1911,2025
01/09/2025,banamex,7.5,3.49,2.65,0.55,1,10.9118,6.9898,2025
01/09/2025,pensionissste,7.5,3.49,2.65,0.52,0,10.7654,19.7954,2025
01/09/2025,principal,7.5,3.49,2.65,0.55,1,10.437,3.4606,2025
01/09/2025,xxi banorte,7.5,3.49,2.65,0.55,1,10.5398,39.4809,2025
01/09/2025,invercap,7.5,3.49,2.65,0.55,0,11.4263,0.753,2025
01/09/2025,azteca,7.5,3.49,2.65,0.55,1,11.7896,0.6414,2025
01/09/2025,sura,7.5,3.49,2.65,0.55,1,11.5197,18.9305,2025
01/09/2025,profuturo,7.5,3.49,2.65,0.55,1,12.4647,40.3749,2025
01/09/2025,coppel,7.5,3.49,2.65,0.55,0,11.3304,1.1083,2025
01/09/2025,inbursa,7.5,3.49,2.65,0.55,1,10.8397,1.0778,2025
01/10/2025,inbursa,7.25,3.44,2.63,0.55,1,12.5345,0.08310000000000001,2025
01/10/2025,principal,7.25,3.44,2.63,0.55,1,12.8041,1.5997999999999999,2025
01/10/2025,azteca,7.25,3.44,2.63,0.55,1,13.6649,0.0817,2025
01/10/2025,xxi banorte,7.25,3.44,2.63,0.55,1,13.3741,14.128599999999999,2025
01/10/2025,coppel,7.25,3.44,2.63,0.55,0,13.7152,0.09910000000000001,2025
01/10/2025,pensionissste,7.25,3.44,2.63,0.52,0,12.7397,4.9949,2025
01/10/2025,banamex,7.25,3.44,2.63,0.55,1,13.79,2.3329,2025
01/10/2025,invercap,7.25,3.44,2.63,0.55,0,13.73,0.1252,2025
01/10/2025,sura,7.25,3.44,2.63,0.55,1,13.9397,7.6088,2025
01/10/2025,profuturo,7.25,3.44,2.63,0.55,1,15.8471,20.8034,2025
01/11/2025,principal,7.25,3.4,2.61,0.55,1,12.9021,1.5761,2025
01/11/2025,inbursa,7.25,3.4,2.61,0.55,1,12.7689,0.5972999999999999,2025
01/11/2025,banamex,7.25,3.4,2.61,0.55,1,14.6952,3.1026,2025
01/11/2025,pensionissste,7.25,3.4,2.61,0.52,0,12.9529,10.167,2025
01/11/2025,sura,7.25,3.4,2.61,0.55,1,13.839,9.919400000000001,2025
01/11/2025,coppel,7.25,3.4,2.61,0.55,0,13.736,0.6277,2025
01/11/2025,xxi banorte,7.25,3.4,2.61,0.55,1,13.2569,22.069200000000002,2025
01/11/2025,invercap,7.25,3.4,2.61,0.55,0,13.6514,0.3081,2025
01/11/2025,azteca,7.25,3.4,2.61,0.55,1,13.5192,0.3422,2025
01/11/2025,profuturo,7.25,3.4,2.61,0.55,1,16.4932,17.4019,2025
01/12/2025,invercap,7.0,3.52,2.58,0.55,0,13.8994,-0.050499999999999996,2025
01/12/2025,profuturo,7.0,3.52,2.58,0.55,1,17.6687,5.5459000000000005,2025
01/12/2025,principal,7.0,3.52,2.58,0.55,1,13.5808,0.391,2025
01/12/2025,pensionissste,7.0,3.52,2.58,0.52,0,13.1345,-0.7751,2025
01/12/2025,inbursa,7.0,3.52,2.58,0.55,1,12.8281,-0.0453,2025
01/12/2025,coppel,7.0,3.52,2.58,0.55,0,14.2433,-0.3624,2025
01/12/2025,banamex,7.0,3.52,2.58,0.55,1,15.1157,-1.0222,2025
01/12/2025,azteca,7.0,3.52,2.58,0.55,1,13.3267,-0.22690000000000002,2025
01/12/2025,sura,7.0,3.52,2.58,0.55,1,14.3047,-0.0661,2025
01/12/2025,xxi banorte,7.0,3.52,2.58,0.55,1,13.7464,4.1739,2025
