fecha,afore,monto_ahorro_voluntario_y_solidario,flujo_neto,pct_crecimiento,app_dummy
2020-02-01,azteca,320.4,-0.8900000000000432,-0.27700831024931594,1
2020-03-01,azteca,322.78,2.3799999999999955,0.7428214731585614,1
2020-04-01,azteca,337.7,14.920000000000016,4.62234339178389,1
2020-05-01,azteca,360.03,22.329999999999984,6.612377850162865,1
2020-06-01,azteca,375.76,15.730000000000018,4.369080354414923,1
2020-07-01,azteca,399.64,23.879999999999995,6.355120289546523,1
2020-08-01,azteca,407.09,7.449999999999989,1.864177759983976,1
2020-09-01,azteca,441.1,34.01000000000005,8.354417941978443,1
2020-10-01,azteca,438.6,-2.5,-0.5667649059170277,1
2020-11-01,azteca,579.53,140.92999999999995,32.13178294573642,1
2020-12-01,azteca,707.89,128.36,22.14898279640398,1
2021-01-01,azteca,772.33,64.44000000000005,9.103109240136199,1
2021-02-01,azteca,773.08,0.75,0.0971087488508715,1
2021-03-01,azteca,813.46,40.379999999999995,5.223262792983907,1
2021-04-01,azteca,815.9,2.439999999999941,0.2999532859636611,1
2021-05-01,azteca,868.8,52.89999999999998,6.483637700698619,1
2021-06-01,azteca,850.84,-17.959999999999923,-2.0672191528545047,1
2021-07-01,azteca,897.14,46.299999999999955,5.4416811621456285,1
2021-08-01,azteca,902.26,5.1200000000000045,0.5707024544664208,1
2021-09-01,azteca,945.55,43.289999999999964,4.797951809899592,1
2021-10-01,azteca,949.93,4.3799999999999955,0.463222463116697,1
2021-11-01,azteca,978.36,28.430000000000064,2.992852104891952,1
2021-12-01,azteca,983.64,5.279999999999973,0.5396786458972125,1
2022-01-01,azteca,976.2,-7.439999999999941,-0.7563742832743636,1
2022-02-01,azteca,959.15,-17.050000000000068,-1.7465683261626785,1
2022-03-01,azteca,994.25,35.10000000000002,3.6594901735911955,1
2022-04-01,azteca,944.88,-49.370000000000005,-4.965551923560474,1
2022-05-01,azteca,809.08,-135.79999999999995,-14.372195411057486,1
2022-06-01,azteca,792.19,-16.889999999999986,-2.087556236713306,1
2022-07-01,azteca,842.81,50.61999999999989,6.38988121536499,1
2022-08-01,azteca,820.52,-22.289999999999964,-2.6447241964380974,1
2022-09-01,azteca,822.14,1.6200000000000045,0.1974357724369824,1
2022-10-01,azteca,828.16,6.019999999999982,0.7322353857007302,1
2022-11-01,azteca,885.67,57.50999999999999,6.9443102782071,1
2022-12-01,azteca,894.16,8.490000000000009,0.9585963169126188,1
2023-01-01,azteca,959.91,65.75,7.3532701082580365,1
2023-02-01,azteca,937.83,-22.079999999999927,-2.30021564521673,1
2023-03-01,azteca,992.37,54.539999999999964,5.81555292537026,1
2023-04-01,azteca,997.16,4.789999999999964,0.48268287030039936,1
2023-05-01,azteca,1029.16,32.000000000000114,3.209113883428949,1
2023-06-01,azteca,1041.27,12.1099999999999,1.1766877842123602,1
2023-07-01,azteca,1018.88,-22.389999999999986,-2.150258818558104,1
2023-08-01,azteca,990.5,-28.379999999999995,-2.7854114321608003,1
2023-09-01,azteca,1288.58,298.0799999999999,30.09389197375063,1
2023-10-01,azteca,1292.53,3.9500000000000455,0.30653898089370024,1
2023-11-01,azteca,1367.44,74.91000000000008,5.795610159918918,1
2023-12-01,azteca,1380.34,12.899999999999864,0.9433686304334943,1
2024-01-01,azteca,1412.7,32.36000000000013,2.3443499427677317,1
2024-02-01,azteca,1392.54,-20.160000000000082,-1.4270545763431786,1
2024-03-01,azteca,1410.7,18.160000000000082,1.3040918034670446,1
2024-04-01,azteca,1351.18,-59.51999999999998,-4.219181966399654,1
2024-05-01,azteca,1389.07,37.88999999999987,2.804215574534852,1
2024-06-01,azteca,1388.19,-0.8799999999998818,-0.0633517389332372,1
2024-07-01,azteca,1412.9,24.710000000000036,1.7800157039022046,1
2024-08-01,azteca,1443.38,30.480000000000018,2.157265199235625,1
2024-09-01,azteca,1476.53,33.149999999999864,2.2966924856932858,1
2024-10-01,azteca,1449.92,-26.6099999999999,-1.8021983975943567,1
2024-11-01,azteca,1482.08,32.159999999999854,2.2180534098432902,1
2024-12-01,azteca,1470.17,-11.909999999999854,-0.8036003454604201,1
2025-01-01,azteca,1523.3,53.12999999999988,3.6138677839977706,1
2025-02-01,azteca,1544.44,21.1400000000001,1.3877765377798168,1
2025-03-01,azteca,1564.6,20.159999999999854,1.30532749734531,1
2025-04-01,azteca,1552.23,-12.36999999999989,-0.790617410200678,1
2025-05-01,azteca,1599.21,46.98000000000002,3.0266133240563597,1
2025-06-01,azteca,1602.04,2.8299999999999272,0.17696237517272895,1
2025-07-01,azteca,1626.09,24.049999999999955,1.5012109560310627,1
2025-08-01,azteca,1634.16,8.070000000000164,0.49628249358892873,1
2025-09-01,azteca,1698.3,64.13999999999987,3.924952269055648,1
2025-10-01,azteca,1706.47,8.170000000000073,0.48106930459872466,1
2025-11-01,azteca,1740.69,34.22000000000003,2.005309205552974,1
2025-12-01,azteca,1718.0,-22.690000000000055,-1.3035060809219345,1
2020-02-01,banamex,10692.6,-158.85000000000036,-1.4638596685235594,1
2020-03-01,banamex,10241.87,-450.72999999999956,-4.215345192001941,1
2020-04-01,banamex,10575.13,333.2599999999984,3.2538979698043313,1
2020-05-01,banamex,11359.02,783.8900000000012,7.412580270880853,1
2020-06-01,banamex,11645.55,286.52999999999884,2.5224887358240355,1
2020-07-01,banamex,12191.16,545.6100000000006,4.685137241263826,1
2020-08-01,banamex,12445.04,253.88000000000102,2.082492560182958,1
2020-09-01,banamex,12790.15,345.10999999999876,2.7730726458090826,1
2020-10-01,banamex,12522.89,-267.2600000000002,-2.089576744604249,1
2020-11-01,banamex,13037.14,514.25,4.106480213433161,1
2020-12-01,banamex,13394.65,357.5100000000002,2.742242547061702,1
2021-01-01,banamex,13821.91,427.2600000000002,3.1897809946508593,1
2021-02-01,banamex,13757.58,-64.32999999999993,-0.46542048096102073,1
2021-03-01,banamex,13698.62,-58.95999999999913,-0.42856374449575796,1
2021-04-01,banamex,13808.41,109.78999999999905,0.8014675930860138,1
2021-05-01,banamex,14281.12,472.71000000000095,3.4233485245585893,1
2021-06-01,banamex,14100.17,-180.95000000000073,-1.2670574856874062,1
2021-07-01,banamex,14468.66,368.4899999999998,2.61337274656972,1
2021-08-01,banamex,14620.4,151.73999999999978,1.0487495041005879,1
2021-09-01,banamex,14726.62,106.22000000000116,0.7265191102842739,1
2021-10-01,banamex,14950.2,223.57999999999993,1.5182030907295863,1
2021-11-01,banamex,15075.76,125.55999999999949,0.8398549852175918,1
2021-12-01,banamex,15288.81,213.04999999999927,1.41319575265193,1
2022-01-01,banamex,15078.87,-209.9399999999987,-1.373161155119329,1
2022-02-01,banamex,14412.82,-666.0500000000011,-4.4171081785306265,1
2022-03-01,banamex,14549.57,136.75,0.9488080750331918,1
2022-04-01,banamex,13735.87,-813.6999999999989,-5.592605142282547,1
2022-05-01,banamex,14149.81,413.9399999999987,3.013569580958464,1
2022-06-01,banamex,13581.9,-567.9099999999999,-4.013552125434893,1
2022-07-01,banamex,14371.52,789.6200000000008,5.813766851471458,1
2022-08-01,banamex,13864.36,-507.15999999999985,-3.5289238716572746,1
2022-09-01,banamex,13536.11,-328.25,-2.367581338049507,1
2022-10-01,banamex,13741.97,205.85999999999876,1.5208209744158374,1
2022-11-01,banamex,14707.04,965.0700000000015,7.0227922197472425,1
2022-12-01,banamex,14583.11,-123.93000000000029,-0.8426576659885332,1
2023-01-01,banamex,15449.94,866.8299999999999,5.9440681720154265,1
2023-02-01,banamex,14931.47,-518.4700000000012,-3.3558059125148754,1
2023-03-01,banamex,15655.23,723.7600000000002,4.847211962385489,1
2023-04-01,banamex,15641.88,-13.350000000000364,-0.08527501671965476,1
2023-05-01,banamex,15895.57,253.6900000000005,1.6218638680260966,1
2023-06-01,banamex,16067.85,172.28000000000065,1.083823983663379,1
2023-07-01,banamex,15935.01,-132.84000000000015,-0.8267440883503396,1
2023-08-01,banamex,15437.86,-497.14999999999964,-3.119859981261386,1
2023-09-01,banamex,15425.62,-12.239999999999782,-0.07928560046535083,1
2023-10-01,banamex,15142.82,-282.8000000000011,-1.8333136690778185,1
2023-11-01,banamex,16279.69,1136.8700000000008,7.507650490463469,1
2023-12-01,banamex,16766.19,486.4999999999982,2.988386142487953,1
2024-01-01,banamex,17048.05,281.8600000000006,1.6811213519589252,1
2024-02-01,banamex,17072.71,24.659999999999854,0.14464997463052853,1
2024-03-01,banamex,17243.68,170.97000000000116,1.0014227383936092,1
2024-04-01,banamex,16510.92,-732.760000000002,-4.249440954599026,1
2024-05-01,banamex,17044.72,533.8000000000029,3.2330118491277426,1
2024-06-01,banamex,17147.36,102.63999999999942,0.602180616636705,1
2024-07-01,banamex,17470.38,323.02000000000044,1.8837885248808028,1
2024-08-01,banamex,17927.58,457.2000000000007,2.6170008895055608,1
2024-09-01,banamex,17845.17,-82.41000000000349,-0.4596827904268408,1
2024-10-01,banamex,17507.46,-337.7099999999991,-1.8924448464206267,1
2024-11-01,banamex,17979.49,472.0300000000025,2.6961649491131334,1
2024-12-01,banamex,17708.69,-270.8000000000029,-1.5061606308076736,1
2025-01-01,banamex,18264.6,555.9099999999999,3.139193243543148,1
2025-02-01,banamex,18476.76,212.15999999999985,1.1615912749252555,1
2025-03-01,banamex,18398.94,-77.81999999999971,-0.42117773895422594,1
2025-04-01,banamex,18097.66,-301.27999999999884,-1.6374856377595615,1
2025-05-01,banamex,18662.94,565.2799999999988,3.123497733961189,1
2025-06-01,banamex,18848.99,186.0500000000029,0.9968954516276884,1
2025-07-01,banamex,19067.47,218.47999999999956,1.1591071988472645,1
2025-08-01,banamex,19274.01,206.53999999999724,1.0832061096726298,1
2025-09-01,banamex,19972.99,698.9800000000032,3.626541648572368,1
2025-10-01,banamex,20206.28,233.28999999999724,1.1680274210320807,1
2025-11-01,banamex,20516.54,310.26000000000204,1.5354632322228667,1
2025-12-01,banamex,20414.32,-102.22000000000116,-0.49823215805394616,1
2020-02-01,coppel,1525.88,-13.689999999999827,-0.8892093246815502,0
2020-03-01,coppel,1538.26,12.379999999999882,0.8113350984349843,0
2020-04-01,coppel,1577.68,39.42000000000007,2.562635705277394,0
2020-05-01,coppel,1679.84,102.15999999999985,6.475330865574769,0
2020-06-01,coppel,1724.51,44.67000000000007,2.659181826840662,0
2020-07-01,coppel,1816.58,92.06999999999994,5.338907863683007,0
2020-08-01,coppel,1832.8,16.220000000000027,0.8928866331237906,0
2020-09-01,coppel,1952.63,119.83000000000015,6.5380838061981805,0
2020-10-01,coppel,1920.12,-32.51000000000022,-1.6649339608630576,0
2020-11-01,coppel,2235.78,315.6600000000003,16.439597525154692,0
2020-12-01,coppel,2420.84,185.05999999999995,8.277200797931815,0
2021-01-01,coppel,2574.37,153.52999999999975,6.342013515969658,0
2021-02-01,coppel,2570.29,-4.079999999999927,-0.15848537700485776,0
2021-03-01,coppel,2769.83,199.53999999999996,7.763326317263819,0
2021-04-01,coppel,2782.96,13.13000000000011,0.4740363126978897,0
2021-05-01,coppel,2913.84,130.8800000000001,4.702906258084916,0
2021-06-01,coppel,2824.74,-89.10000000000036,-3.0578206078576864,0
2021-07-01,coppel,2906.53,81.79000000000042,2.8954877263040357,0
2021-08-01,coppel,2910.07,3.5399999999999636,0.1217947174121603,0
2021-09-01,coppel,3016.77,106.69999999999982,3.6665784671846335,0
2021-10-01,coppel,3009.22,-7.550000000000182,-0.2502676703891926,0
2021-11-01,coppel,3061.62,52.40000000000009,1.7413150251560205,0
2021-12-01,coppel,3054.06,-7.559999999999945,-0.24692809688987571,0
2022-01-01,coppel,3007.97,-46.090000000000146,-1.5091386547743002,0
2022-02-01,coppel,2870.0,-137.9699999999998,-4.586814363175162,0
2022-03-01,coppel,2866.09,-3.9099999999998545,-0.13623693379790636,0
2022-04-01,coppel,2705.9,-160.19000000000005,-5.589147584339638,0
2022-05-01,coppel,2449.0,-256.9000000000001,-9.494068516944454,0
2022-06-01,coppel,2346.08,-102.92000000000007,-4.202531645569618,0
2022-07-01,coppel,2422.61,76.5300000000002,3.2620371001841564,0
2022-08-01,coppel,2299.49,-123.12000000000035,-5.082122174018943,0
2022-09-01,coppel,2300.44,0.9500000000002728,0.04131350864757799,0
2022-10-01,coppel,2322.2,21.759999999999764,0.9459060005911901,0
2022-11-01,coppel,2477.52,155.32000000000016,6.688485057273286,0
2022-12-01,coppel,2477.6,0.07999999999992724,0.003229035487106735,0
2023-01-01,coppel,2643.39,165.78999999999996,6.691556344849858,0
2023-02-01,coppel,2570.16,-73.23000000000002,-2.7703063112140103,0
2023-03-01,coppel,2692.72,122.55999999999995,4.768574719083629,0
2023-04-01,coppel,2688.76,-3.9599999999995816,-0.1470631926081989,0
2023-05-01,coppel,2752.49,63.72999999999956,2.3702375816361254,0
2023-06-01,coppel,2762.78,10.290000000000418,0.373843320048417,0
2023-07-01,coppel,2633.41,-129.37000000000035,-4.682602306372575,0
2023-08-01,coppel,2542.85,-90.55999999999995,-3.4388872222707367,0
2023-09-01,coppel,2523.58,-19.269999999999982,-0.7578111174469604,0
2023-10-01,coppel,2903.91,380.3299999999999,15.07104985774177,0
2023-11-01,coppel,3200.41,296.5,10.210371533553042,0
2023-12-01,coppel,3268.65,68.24000000000024,2.132226808440185,0
2024-01-01,coppel,3343.57,74.92000000000007,2.2920777691095795,0
2024-02-01,coppel,3297.33,-46.24000000000024,-1.382952951485994,0
2024-03-01,coppel,3321.33,24.0,0.7278616335034682,0
2024-04-01,coppel,3204.64,-116.69000000000005,-3.513351579036106,0
2024-05-01,coppel,3257.52,52.88000000000011,1.650107344350693,0
2024-06-01,coppel,3222.4,-35.11999999999989,-1.0781207789975156,0
2024-07-01,coppel,3255.73,33.32999999999993,1.0343222442899647,0
2024-08-01,coppel,3335.02,79.28999999999996,2.4353985127759437,0
2024-09-01,coppel,3272.43,-62.590000000000146,-1.8767503643156602,0
2024-10-01,coppel,3215.07,-57.35999999999967,-1.752825881684239,0
2024-11-01,coppel,3284.85,69.77999999999975,2.1704037548171407,0
2024-12-01,coppel,3244.6,-40.25,-1.225322313043209,0
2025-01-01,coppel,3349.98,105.38000000000011,3.247857979411939,0
2025-02-01,coppel,3356.84,6.860000000000127,0.20477734195427644,0
2025-03-01,coppel,3245.33,-111.51000000000022,-3.3218741435397603,0
2025-04-01,coppel,3163.08,-82.25,-2.534410984399116,0
2025-05-01,coppel,3235.89,72.80999999999995,2.3018703289199083,0
2025-06-01,coppel,3199.68,-36.210000000000036,-1.1190120801386927,0
2025-07-01,coppel,3217.38,17.700000000000273,0.5531803180318207,0
2025-08-01,coppel,3224.08,6.699999999999818,0.20824397491125968,0
2025-09-01,coppel,3334.91,110.82999999999993,3.437569787350192,0
2025-10-01,coppel,3344.82,9.91000000000031,0.2971594435831948,0
2025-11-01,coppel,3407.59,62.76999999999998,1.8766331222606958,0
2025-12-01,coppel,3371.35,-36.24000000000024,-1.0635082272221763,0
2020-02-01,inbursa,1554.81,15.329999999999927,0.9957907864993398,1
2020-03-01,inbursa,1593.73,38.92000000000007,2.503199747879159,1
2020-04-01,inbursa,1628.79,35.059999999999945,2.1998707434759845,1
2020-05-01,inbursa,1670.88,42.090000000000146,2.5841268671836337,1
2020-06-01,inbursa,1687.09,16.20999999999981,0.9701474672028976,1
2020-07-01,inbursa,1721.1,34.00999999999999,2.0158971957631167,1
2020-08-01,inbursa,1734.84,13.740000000000009,0.7983266515600551,1
2020-09-01,inbursa,1795.84,61.0,3.5161744022503605,1
2020-10-01,inbursa,1794.37,-1.4700000000000273,-0.08185584461867235,1
2020-11-01,inbursa,1904.49,110.12000000000012,6.136972865128154,1
2020-12-01,inbursa,1954.73,50.24000000000001,2.6379765711555425,1
2021-01-01,inbursa,2021.01,66.27999999999997,3.3907496175942464,1
2021-02-01,inbursa,2049.35,28.339999999999918,1.4022691624484773,1
2021-03-01,inbursa,2089.69,40.340000000000146,1.9684290140776328,1
2021-04-01,inbursa,2109.22,19.529999999999745,0.9345883839229518,1
2021-05-01,inbursa,2149.29,40.070000000000164,1.899754411583432,1
2021-06-01,inbursa,2138.84,-10.449999999999818,-0.4862070730334067,1
2021-07-01,inbursa,2174.65,35.809999999999945,1.6742720353088547,1
2021-08-01,inbursa,2198.4,23.75,1.092129768008654,1
2021-09-01,inbursa,2229.04,30.639999999999873,1.3937409024745273,1
2021-10-01,inbursa,2237.3,8.260000000000218,0.37056311237124717,1
2021-11-01,inbursa,2280.35,43.04999999999973,1.9241943413936369,1
2021-12-01,inbursa,2315.18,34.82999999999993,1.5273971100927541,1
2022-01-01,inbursa,2339.26,24.080000000000382,1.0400919150994836,1
2022-02-01,inbursa,2373.94,34.679999999999836,1.4825201131981824,1
2022-03-01,inbursa,2417.14,43.19999999999982,1.8197595558438584,1
2022-04-01,inbursa,2340.3,-76.83999999999969,-3.1789635685148476,1
2022-05-01,inbursa,2279.56,-60.74000000000024,-2.595393752937669,1
2022-06-01,inbursa,2203.52,-76.03999999999996,-3.3357314569478325,1
2022-07-01,inbursa,2222.49,18.9699999999998,0.8608952948010451,1
2022-08-01,inbursa,2152.37,-70.11999999999989,-3.155019820111671,1
2022-09-01,inbursa,2150.88,-1.4899999999997817,-0.06922601597307843,1
2022-10-01,inbursa,2170.12,19.23999999999978,0.8945175927992155,1
2022-11-01,inbursa,2230.6,60.48000000000002,2.7869426575488854,1
2022-12-01,inbursa,2219.71,-10.889999999999873,-0.4882094503720902,1
2023-01-01,inbursa,2300.99,81.27999999999975,3.6617395966139554,1
2023-02-01,inbursa,2267.7,-33.289999999999964,-1.4467685648351325,1
2023-03-01,inbursa,2319.4,51.70000000000027,2.279843012744198,1
2023-04-01,inbursa,2313.34,-6.059999999999945,-0.26127446753470007,1
2023-05-01,inbursa,2351.06,37.7199999999998,1.630542851461514,1
2023-06-01,inbursa,2357.97,6.9099999999998545,0.29390998102982735,1
2023-07-01,inbursa,2273.92,-84.04999999999973,-3.564506757931596,1
2023-08-01,inbursa,2246.01,-27.909999999999854,-1.2273958626512704,1
2023-09-01,inbursa,2276.6,30.58999999999969,1.361970783745381,1
2023-10-01,inbursa,2286.83,10.230000000000018,0.44935430027233103,1
2023-11-01,inbursa,2401.23,114.40000000000009,5.002558126314605,1
2023-12-01,inbursa,2447.35,46.11999999999989,1.9206823169792164,1
2024-01-01,inbursa,2455.61,8.260000000000218,0.3375079167262651,1
2024-02-01,inbursa,2428.41,-27.200000000000273,-1.1076677485431397,1
2024-03-01,inbursa,2432.99,4.579999999999927,0.1886007716983551,1
2024-04-01,inbursa,2382.58,-50.409999999999854,-2.071936177296241,1
2024-05-01,inbursa,2423.76,41.18000000000029,1.7283784804707603,1
2024-06-01,inbursa,2406.11,-17.65000000000009,-0.7282074132752503,1
2024-07-01,inbursa,2439.07,32.960000000000036,1.3698459338932878,1
2024-08-01,inbursa,2483.73,44.659999999999854,1.8310257598182833,1
2024-09-01,inbursa,2641.53,157.80000000000018,6.353347586090274,1
2024-10-01,inbursa,2623.83,-17.700000000000273,-0.6700662116273626,1
2024-11-01,inbursa,2656.66,32.82999999999993,1.2512243552364355,1
2024-12-01,inbursa,2648.12,-8.539999999999964,-0.32145626463303545,1
2025-01-01,inbursa,2712.82,64.70000000000027,2.4432427533495504,1
2025-02-01,inbursa,2749.84,37.01999999999998,1.3646316379265944,1
2025-03-01,inbursa,2824.31,74.4699999999998,2.7081575655310886,1
2025-04-01,inbursa,2888.32,64.01000000000022,2.26639426975086,1
2025-05-01,inbursa,2951.33,63.00999999999976,2.1815449811655174,1
2025-06-01,inbursa,2956.85,5.519999999999982,0.18703432012008303,1
2025-07-01,inbursa,2996.18,39.32999999999993,1.3301317280213665,1
2025-08-01,inbursa,3015.58,19.40000000000009,0.6474911387166271,1
2025-09-01,inbursa,3123.36,107.7800000000002,3.574105147268525,1
2025-10-01,inbursa,3131.67,8.309999999999945,0.26605962809282957,1
2025-11-01,inbursa,3191.4,59.73000000000002,1.9072890821829835,1
2025-12-01,inbursa,3186.87,-4.5300000000002,-0.14194397443129114,1
2020-02-01,invercap,1432.02,-10.049999999999955,-0.6969148515675316,1
2020-03-01,invercap,1413.35,-18.670000000000073,-1.3037527408835126,1
2020-04-01,invercap,1452.49,39.1400000000001,2.7693069657197533,1
2020-05-01,invercap,1536.66,84.17000000000007,5.794876384691117,1
2020-06-01,invercap,1580.44,43.77999999999997,2.84903622141528,1
2020-07-01,invercap,1641.64,61.200000000000045,3.872339348535858,1
2020-08-01,invercap,1676.87,35.22999999999979,2.1460247070002936,1
2020-09-01,invercap,1727.02,50.15000000000009,2.9906909897606804,1
2020-10-01,invercap,1702.79,-24.230000000000018,-1.4029947539692667,1
2020-11-01,invercap,1793.22,90.43000000000006,5.31069597542857,1
2020-12-01,invercap,1839.99,46.76999999999998,2.6081573928463886,1
2021-01-01,invercap,1911.46,71.47000000000003,3.884260240544779,1
2021-02-01,invercap,1919.53,8.069999999999936,0.4221903675724281,1
2021-03-01,invercap,1945.13,25.600000000000136,1.3336598021390644,1
2021-04-01,invercap,1969.86,24.72999999999979,1.2713803190532058,1
2021-05-01,invercap,2031.83,61.97000000000003,3.1459088463139606,1
2021-06-01,invercap,2019.26,-12.569999999999936,-0.6186541196852025,1
2021-07-01,invercap,2076.55,57.29000000000019,2.837177976090266,1
2021-08-01,invercap,2108.65,32.09999999999991,1.5458332330066549,1
2021-09-01,invercap,2116.17,7.519999999999982,0.356626277476102,1
2021-10-01,invercap,2158.0,41.82999999999993,1.9766842928498063,1
2021-11-01,invercap,2209.24,51.23999999999978,2.3744207599629252,1
2021-12-01,invercap,2236.74,27.5,1.2447719577773464,1
2022-01-01,invercap,2199.55,-37.1899999999996,-1.662687661507356,1
2022-02-01,invercap,2155.28,-44.26999999999998,-2.0126844127207777,1
2022-03-01,invercap,2177.33,22.049999999999727,1.0230689283990735,1
2022-04-01,invercap,2105.02,-72.30999999999995,-3.321039989344743,1
2022-05-01,invercap,2152.43,47.409999999999854,2.252235133157865,1
2022-06-01,invercap,2076.19,-76.23999999999978,-3.542043179104537,1
2022-07-01,invercap,2173.29,97.09999999999991,4.676835935054102,1
2022-08-01,invercap,2095.84,-77.44999999999982,-3.5637213625424935,1
2022-09-01,invercap,2044.21,-51.63000000000011,-2.463451408504469,1
2022-10-01,invercap,2054.31,10.099999999999909,0.4940783970335705,1
2022-11-01,invercap,2175.07,120.76000000000022,5.878372786969854,1
2022-12-01,invercap,2158.97,-16.100000000000364,-0.7402060623336482,1
2023-01-01,invercap,2285.23,126.26000000000022,5.84815907585563,1
2023-02-01,invercap,2217.84,-67.38999999999987,-2.9489373060917257,1
2023-03-01,invercap,2316.8,98.96000000000004,4.461999062150568,1
2023-04-01,invercap,2315.94,-0.8600000000001273,-0.037120165745863076,1
2023-05-01,invercap,2348.47,32.529999999999745,1.4046132455935778,1
2023-06-01,invercap,2379.06,30.590000000000146,1.3025501709623688,1
2023-07-01,invercap,2304.73,-74.32999999999993,-3.1243432279976058,1
2023-08-01,invercap,2230.9,-73.82999999999993,-3.203412113349502,1
2023-09-01,invercap,2208.78,-22.11999999999989,-0.9915280828365236,1
2023-10-01,invercap,2190.42,-18.360000000000127,-0.8312280987694654,1
2023-11-01,invercap,2318.74,128.3199999999997,5.858237233042041,1
2023-12-01,invercap,2370.71,51.970000000000255,2.2413034665378806,1
2024-01-01,invercap,2389.18,18.4699999999998,0.7790914957966022,1
2024-02-01,invercap,2376.12,-13.059999999999945,-0.5466310617031733,1
2024-03-01,invercap,2389.06,12.940000000000055,0.5445852903052106,1
2024-04-01,invercap,2291.87,-97.19000000000005,-4.068127213213568,1
2024-05-01,invercap,2341.11,49.24000000000024,2.1484639181105436,1
2024-06-01,invercap,2348.26,7.150000000000091,0.3054106812580448,1
2024-07-01,invercap,2389.61,41.34999999999991,1.7608782673128154,1
2024-08-01,invercap,2457.98,68.36999999999989,2.861136336054826,1
2024-09-01,invercap,2482.86,24.88000000000011,1.0122132808241036,1
2024-10-01,invercap,2437.32,-45.539999999999964,-1.8341751045165666,1
2024-11-01,invercap,2495.8,58.48000000000002,2.3993566704413105,1
2024-12-01,invercap,2457.09,-38.710000000000036,-1.55100568955846,1
2025-01-01,invercap,2538.63,81.53999999999996,3.3185597597157557,1
2025-02-01,invercap,2563.2,24.56999999999971,0.9678448612046475,1
2025-03-01,invercap,2551.33,-11.86999999999989,-0.46309300873906833,1
2025-04-01,invercap,2508.28,-43.04999999999973,-1.687355222570175,1
2025-05-01,invercap,2565.2,56.91999999999962,2.26928413095826,1
2025-06-01,invercap,2582.8,17.600000000000364,0.6861063464837169,1
2025-07-01,invercap,2601.87,19.06999999999971,0.7383459811057591,1
2025-08-01,invercap,2620.98,19.110000000000127,0.734471745321641,1
2025-09-01,invercap,2696.28,75.30000000000018,2.872971178719408,1
2025-10-01,invercap,2708.8,12.519999999999982,0.4643434658121448,1
2025-11-01,invercap,2739.61,30.809999999999945,1.137404016538679,1
2025-12-01,invercap,2734.56,-5.050000000000182,-0.18433280649435835,1
2020-02-01,pensionissste,23594.19,-205.13000000000102,-0.861915382456313,1
2020-03-01,pensionissste,23503.34,-90.84999999999854,-0.38505242180383314,1
2020-04-01,pensionissste,23981.76,478.41999999999825,2.0355404806295496,1
2020-05-01,pensionissste,25681.96,1700.2000000000007,7.089554728260139,1
2020-06-01,pensionissste,26259.91,577.9500000000007,2.2504123517052443,1
2020-07-01,pensionissste,26942.85,682.9399999999987,2.600694366431555,1
2020-08-01,pensionissste,27108.5,165.65000000000146,0.6148198872799382,1
2020-09-01,pensionissste,27642.37,533.869999999999,1.9693822970654917,1
2020-10-01,pensionissste,27183.53,-458.84000000000015,-1.6599155571682123,1
2020-11-01,pensionissste,28356.92,1173.3899999999994,4.316547556553552,1
2020-12-01,pensionissste,29031.17,674.25,2.3777264949790045,1
2021-01-01,pensionissste,29684.99,653.8200000000033,2.252131071534502,1
2021-02-01,pensionissste,29949.46,264.4699999999975,0.8909216408696796,1
2021-03-01,pensionissste,29865.68,-83.77999999999884,-0.27973793183583284,1
2021-04-01,pensionissste,30021.19,155.5099999999984,0.5206980052019583,1
2021-05-01,pensionissste,31687.25,1666.0600000000013,5.549613456362001,1
2021-06-01,pensionissste,31419.93,-267.3199999999997,-0.8436200680084216,1
2021-07-01,pensionissste,32106.62,686.6899999999987,2.1855236469336514,1
2021-08-01,pensionissste,32454.99,348.3700000000026,1.0850410289217738,1
2021-09-01,pensionissste,32604.92,149.92999999999665,0.46196285994848374,1
2021-10-01,pensionissste,32812.55,207.63000000000466,0.6368057336132216,1
2021-11-01,pensionissste,33586.33,773.7799999999988,2.358183073244846,1
2021-12-01,pensionissste,34036.22,449.8899999999994,1.3395033038739346,1
2022-01-01,pensionissste,34266.25,230.02999999999884,0.6758388563712359,1
2022-02-01,pensionissste,33896.53,-369.72000000000116,-1.0789625360230537,1
2022-03-01,pensionissste,34443.94,547.4100000000035,1.6149440665460535,1
2022-04-01,pensionissste,33497.11,-946.8300000000017,-2.748901548429139,1
2022-05-01,pensionissste,34453.01,955.9000000000015,2.853679018876565,1
2022-06-01,pensionissste,33932.83,-520.1800000000003,-1.5098245407295319,1
2022-07-01,pensionissste,35187.39,1254.5599999999977,3.6971864710370284,1
2022-08-01,pensionissste,34549.0,-638.3899999999994,-1.814257891818627,1
2022-09-01,pensionissste,34328.6,-220.40000000000146,-0.6379345277721549,1
2022-10-01,pensionissste,34794.5,465.90000000000146,1.3571773972722578,1
2022-11-01,pensionissste,36332.51,1538.010000000002,4.420267571024161,1
2022-12-01,pensionissste,36337.38,4.869999999995343,0.013403973466163954,1
2023-01-01,pensionissste,38151.54,1814.1600000000035,4.9925448670212536,1
2023-02-01,pensionissste,37555.82,-595.7200000000012,-1.5614572832446605,1
2023-03-01,pensionissste,38490.24,934.4199999999983,2.4880830720777736,1
2023-04-01,pensionissste,38566.69,76.45000000000437,0.19862178048253298,1
2023-05-01,pensionissste,39875.34,1308.6499999999942,3.393213158816577,1
2023-06-01,pensionissste,40316.9,441.56000000000495,1.1073510595771774,1
2023-07-01,pensionissste,41068.27,751.3699999999953,1.8636601524422591,1
2023-08-01,pensionissste,40511.21,-557.0599999999977,-1.356424314927307,1
2023-09-01,pensionissste,40071.64,-439.5699999999997,-1.0850576914389842,1
2023-10-01,pensionissste,39657.67,-413.97000000000116,-1.0330747630992954,1
2023-11-01,pensionissste,41848.03,2190.3600000000006,5.523168658168776,1
2023-12-01,pensionissste,42877.86,1029.8300000000017,2.4608804763330605,1
2024-01-01,pensionissste,43860.53,982.6699999999983,2.291788815953022,1
2024-02-01,pensionissste,43992.68,132.15000000000146,0.30129594877217336,1
2024-03-01,pensionissste,44618.72,626.0400000000009,1.423054926410483,1
2024-04-01,pensionissste,43835.99,-782.7300000000032,-1.7542636812530765,1
2024-05-01,pensionissste,46033.94,2197.9500000000044,5.01403070855706,1
2024-06-01,pensionissste,46247.32,213.37999999999738,0.4635275624897517,1
2024-07-01,pensionissste,47526.36,1279.0400000000009,2.7656521502218867,1
2024-08-01,pensionissste,48877.06,1350.699999999997,2.8420017859562607,1
2024-09-01,pensionissste,50647.09,1770.0299999999988,3.621392121375555,1
2024-10-01,pensionissste,49966.11,-680.9799999999959,-1.344558986508393,1
2024-11-01,pensionissste,51394.24,1428.1299999999974,2.858197286120534,1
2024-12-01,pensionissste,51206.19,-188.04999999999563,-0.3658970343758283,1
2025-01-01,pensionissste,53200.03,1993.8399999999965,3.8937480019505477,1
2025-02-01,pensionissste,54109.99,909.9599999999991,1.7104501632799751,1
2025-03-01,pensionissste,54554.18,444.1900000000023,0.8209020182779581,1
2025-04-01,pensionissste,54592.41,38.2300000000032,0.07007712332951499,1
2025-05-01,pensionissste,57348.32,2755.909999999996,5.048155961607104,1
2025-06-01,pensionissste,57734.72,386.40000000000146,0.6737773661024349,1
2025-07-01,pensionissste,58596.19,861.4700000000012,1.4921177412828834,1
2025-08-01,pensionissste,59301.68,705.489999999998,1.203986129473611,1
2025-09-01,pensionissste,61281.22,1979.5400000000009,3.3380841824379948,1
2025-10-01,pensionissste,61780.71,499.48999999999796,0.8150784204361328,1
2025-11-01,pensionissste,62797.41,1016.7000000000044,1.6456593004515518,1
2025-12-01,pensionissste,62719.9,-77.51000000000204,-0.12342865732838382,1
2020-02-01,principal,2690.72,-17.980000000000018,-0.6637870565215809,1
2020-03-01,principal,2661.49,-29.230000000000018,-1.0863263364452647,1
2020-04-01,principal,2760.13,98.64000000000033,3.7061946503650356,1
2020-05-01,principal,2899.38,139.25,5.045052225800961,1
2020-06-01,principal,2972.1,72.7199999999998,2.5081224261738644,1
2020-07-01,principal,3046.07,73.97000000000025,2.4888126240705244,1
2020-08-01,principal,3098.69,52.61999999999989,1.7274717915215287,1
2020-09-01,principal,3162.11,63.42000000000007,2.046671335306205,1
2020-10-01,principal,3109.91,-52.20000000000027,-1.6507964618561743,1
2020-11-01,principal,3247.05,137.14000000000033,4.409773916286985,1
2020-12-01,principal,3338.51,91.46000000000004,2.816710552655488,1
2021-01-01,principal,3438.03,99.51999999999998,2.98097055273161,1
2021-02-01,principal,3459.87,21.83999999999969,0.6352475109292044,1
2021-03-01,principal,3490.68,30.809999999999945,0.8904958856835732,1
2021-04-01,principal,3548.11,57.43000000000029,1.6452381770887037,1
2021-05-01,principal,3654.88,106.76999999999998,3.009207719039142,1
2021-06-01,principal,3642.42,-12.460000000000036,-0.3409140655780796,1
2021-07-01,principal,3734.36,91.94000000000005,2.5241460347790845,1
2021-08-01,principal,3823.57,89.21000000000004,2.388896624856729,1
2021-09-01,principal,3829.72,6.149999999999636,0.1608444464204828,1
2021-10-01,principal,3924.75,95.0300000000002,2.4813824509363647,1
2021-11-01,principal,4000.05,75.30000000000018,1.9185935409898658,1
2021-12-01,principal,4094.17,94.11999999999989,2.3529705878676532,1
2022-01-01,principal,4045.26,-48.909999999999854,-1.1946255284953966,1
2022-02-01,principal,3997.59,-47.67000000000007,-1.1784162204654391,1
2022-03-01,principal,4075.77,78.17999999999984,1.9556782961734465,1
2022-04-01,principal,3892.56,-183.21000000000004,-4.49510153909568,1
2022-05-01,principal,4016.27,123.71000000000004,3.178114145960498,1
2022-06-01,principal,3889.38,-126.88999999999987,-3.159399143981856,1
2022-07-01,principal,4058.5,169.1199999999999,4.348250878031967,1
2022-08-01,principal,3969.21,-89.28999999999996,-2.2000739189355634,1
2022-09-01,principal,3892.06,-77.15000000000009,-1.9437117209721855,1
2022-10-01,principal,3961.68,69.61999999999989,1.7887699572976645,1
2022-11-01,principal,4212.56,250.88000000000056,6.332666949375021,1
2022-12-01,principal,4234.8,22.23999999999978,0.5279450025637455,1
2023-01-01,principal,4478.73,243.92999999999938,5.760130348540637,1
2023-02-01,principal,4350.07,-128.65999999999985,-2.872689356134439,1
2023-03-01,principal,4512.04,161.97000000000025,3.7233883592677985,1
2023-04-01,principal,4531.84,19.800000000000182,0.4388258969335368,1
2023-05-01,principal,4571.16,39.31999999999971,0.8676387515887507,1
2023-06-01,principal,4648.48,77.31999999999971,1.6914743741194727,1
2023-07-01,principal,4822.91,174.4300000000003,3.752409389736,1
2023-08-01,principal,4706.87,-116.03999999999996,-2.406016284774126,1
2023-09-01,principal,4703.38,-3.4899999999997817,-0.07414693841130138,1
2023-10-01,principal,4677.35,-26.029999999999745,-0.5534317873529204,1
2023-11-01,principal,4981.98,304.6299999999992,6.512875880573388,1
2023-12-01,principal,5160.3,178.32000000000062,3.579299796466473,1
2024-01-01,principal,5211.84,51.539999999999964,0.998779140747641,1
2024-02-01,principal,5225.93,14.090000000000146,0.27034598145760924,1
2024-03-01,principal,5274.26,48.32999999999993,0.9248114689634157,1
2024-04-01,principal,5091.78,-182.48000000000047,-3.4598218517858492,1
2024-05-01,principal,5255.1,163.32000000000062,3.2075227130787365,1
2024-06-01,principal,5293.52,38.42000000000007,0.731099313048289,1
2024-07-01,principal,5418.19,124.66999999999916,2.3551436473272735,1
2024-08-01,principal,5606.78,188.59000000000015,3.480682663398671,1
2024-09-01,principal,5768.62,161.84000000000015,2.8865052668376467,1
2024-10-01,principal,5720.94,-47.68000000000029,-0.8265408364565574,1
2024-11-01,principal,5918.23,197.28999999999996,3.4485591528664816,1
2024-12-01,principal,5899.57,-18.659999999999854,-0.3152969722366339,1
2025-01-01,principal,6083.11,183.53999999999996,3.1110741969329947,1
2025-02-01,principal,6182.01,98.90000000000055,1.6258131120430175,1
2025-03-01,principal,6234.74,52.72999999999956,0.8529588273069599,1
2025-04-01,principal,6160.17,-74.56999999999971,-1.1960402518789826,1
2025-05-01,principal,6356.09,195.92000000000007,3.1804317088651723,1
2025-06-01,principal,6454.9,98.80999999999949,1.554572071824012,1
2025-07-01,principal,6578.71,123.8100000000004,1.918077739391788,1
2025-08-01,principal,6717.8,139.09000000000015,2.114244281933697,1
2025-09-01,principal,7063.86,346.0599999999995,5.151388847539362,1
2025-10-01,principal,7223.84,159.98000000000047,2.2647674217779024,1
2025-11-01,principal,7381.45,157.60999999999967,2.1818035836895566,1
2025-12-01,principal,7420.55,39.100000000000364,0.529706223032056,1
2020-02-01,profuturo,13573.16,-18.860000000000582,-0.13875788882006246,1
2020-03-01,profuturo,13640.9,67.73999999999978,0.49907317087545255,1
2020-04-01,profuturo,14300.13,659.2299999999996,4.832745639950442,1
2020-05-01,profuturo,15083.06,782.9300000000003,5.4749851924423165,1
2020-06-01,profuturo,15461.15,378.09000000000015,2.5067194587835573,1
2020-07-01,profuturo,15944.02,482.8700000000008,3.123118267399261,1
2020-08-01,profuturo,16310.74,366.71999999999935,2.3000472904574742,1
2020-09-01,profuturo,16819.31,508.5700000000015,3.118006908331572,1
2020-10-01,profuturo,16846.24,26.93000000000029,0.16011358373202444,1
2020-11-01,profuturo,18012.04,1165.7999999999993,6.920238581428251,1
2020-12-01,profuturo,18840.49,828.4500000000007,4.59942349672775,1
2021-01-01,profuturo,19775.28,934.7899999999972,4.961601317163189,1
2021-02-01,profuturo,20036.82,261.5400000000009,1.3225602873891074,1
2021-03-01,profuturo,20583.26,546.4399999999987,2.727179262976853,1
2021-04-01,profuturo,21256.61,673.3500000000022,3.2713476873925895,1
2021-05-01,profuturo,22361.58,1104.9700000000012,5.198241864530617,1
2021-06-01,profuturo,22970.26,608.6799999999967,2.7219901277101055,1
2021-07-01,profuturo,24005.04,1034.7800000000025,4.504868469055223,1
2021-08-01,profuturo,24852.57,847.5299999999988,3.530633566950936,1
2021-09-01,profuturo,25360.28,507.7099999999991,2.0428873150744487,1
2021-10-01,profuturo,26163.31,803.0300000000025,3.166487120804673,1
2021-11-01,profuturo,26977.35,814.0399999999972,3.1113800203414588,1
2021-12-01,profuturo,27759.62,782.2700000000004,2.8997288466064974,1
2022-01-01,profuturo,28190.79,431.1700000000019,1.5532273136303898,1
2022-02-01,profuturo,28532.48,341.6899999999987,1.2120625211283542,1
2022-03-01,profuturo,30116.07,1583.5900000000001,5.550130938495368,1
2022-04-01,profuturo,29256.51,-859.5600000000013,-2.8541572655396363,1
2022-05-01,profuturo,30752.41,1495.9000000000015,5.113050052791679,1
2022-06-01,profuturo,30097.38,-655.0299999999988,-2.1300119242686932,1
2022-07-01,profuturo,32234.8,2137.4199999999983,7.101681275911709,1
2022-08-01,profuturo,31714.06,-520.739999999998,-1.6154590690806159,1
2022-09-01,profuturo,31191.14,-522.9200000000019,-1.6488585819664947,1
2022-10-01,profuturo,32001.36,810.2200000000012,2.5975966251954974,1
2022-11-01,profuturo,34066.3,2064.9400000000023,6.4526632618113755,1
2022-12-01,profuturo,33767.76,-298.5400000000009,-0.8763499411441833,1
2023-01-01,profuturo,35609.98,1842.2200000000012,5.455558793357929,1
2023-02-01,profuturo,34548.87,-1061.1100000000006,-2.9798107159846765,1
2023-03-01,profuturo,35923.07,1374.199999999997,3.9775541139261517,1
2023-04-01,profuturo,36032.44,109.37000000000262,0.3044561614583774,1
2023-05-01,profuturo,36386.15,353.7099999999991,0.9816432081757309,1
2023-06-01,profuturo,37244.04,857.8899999999994,2.3577377656058607,1
2023-07-01,profuturo,39702.27,2458.229999999996,6.600331220780542,1
2023-08-01,profuturo,39223.41,-478.8599999999933,-1.206127508578203,1
2023-09-01,profuturo,39545.68,322.2699999999968,0.8216266765179281,1
2023-10-01,profuturo,39538.55,-7.129999999997381,-0.01802978226698171,1
2023-11-01,profuturo,42793.45,3254.899999999994,8.232218935696922,1
2023-12-01,profuturo,44587.91,1794.4600000000064,4.193305283869386,1
2024-01-01,profuturo,45933.03,1345.1199999999953,3.0167819034352394,1
2024-02-01,profuturo,46513.75,580.7200000000012,1.2642754026895187,1
2024-03-01,profuturo,47709.88,1196.1299999999974,2.571562172475872,1
2024-04-01,profuturo,46745.72,-964.1599999999962,-2.0208812095104722,1
2024-05-01,profuturo,48810.84,2065.1199999999953,4.417773434658812,1
2024-06-01,profuturo,50158.17,1347.3300000000017,2.7603089805461334,1
2024-07-01,profuturo,52419.44,2261.270000000004,4.508278511755925,1
2024-08-01,profuturo,54157.56,1738.1199999999953,3.3157927669582143,1
2024-09-01,profuturo,56385.26,2227.7000000000044,4.113368475241508,1
2024-10-01,profuturo,56223.86,-161.40000000000146,-0.28624502219197767,1
2024-11-01,profuturo,58456.2,2232.3399999999965,3.9704495564694353,1
2024-12-01,profuturo,58096.23,-359.9699999999939,-0.6157943896455742,1
2025-01-01,profuturo,60569.88,2473.649999999994,4.257849433603522,1
2025-02-01,profuturo,61657.52,1087.6399999999994,1.7956779838427916,1
2025-03-01,profuturo,62439.85,782.3300000000017,1.268831441809537,1
2025-04-01,profuturo,62570.29,130.44000000000233,0.20890505022033157,1
2025-05-01,profuturo,65485.75,2915.459999999999,4.659495744705677,1
2025-06-01,profuturo,66919.48,1433.729999999996,2.18937707821929,1
2025-07-01,profuturo,68797.14,1877.6600000000035,2.805849656930981,1
2025-08-01,profuturo,70274.19,1477.050000000003,2.1469642488045393,1
2025-09-01,profuturo,74311.68,4037.4899999999907,5.745338366760233,1
2025-10-01,profuturo,76392.02,2080.340000000011,2.799479166666674,1
2025-11-01,profuturo,78132.21,1740.1900000000023,2.277973537026523,1
2025-12-01,profuturo,78686.8,554.5899999999965,0.70980969308303,1
2020-02-01,sura,14999.56,-131.8700000000008,-0.8714972742166482,1
2020-03-01,sura,14703.83,-295.72999999999956,-1.9715911666742247,1
2020-04-01,sura,15647.17,943.3400000000001,6.415607362163467,1
2020-05-01,sura,16525.57,878.3999999999996,5.6137946989775145,1
2020-06-01,sura,17086.08,560.510000000002,3.3917740810150754,1
2020-07-01,sura,17706.31,620.2299999999996,3.630030995992062,1
2020-08-01,sura,18240.98,534.6699999999983,3.019657963742861,1
2020-09-01,sura,18844.86,603.880000000001,3.3105677436190417,1
2020-10-01,sura,18812.91,-31.950000000000728,-0.169542251839494,1
2020-11-01,sura,20235.79,1422.880000000001,7.563316892495631,1
2020-12-01,sura,21143.17,907.3799999999974,4.48403546389835,1
2021-01-01,sura,21862.18,719.010000000002,3.400672652208736,1
2021-02-01,sura,22127.68,265.5,1.2144260087511904,1
2021-03-01,sura,22696.76,569.0799999999981,2.571801472183255,1
2021-04-01,sura,23359.93,663.1700000000019,2.9218707868435834,1
2021-05-01,sura,24341.6,981.6699999999983,4.202367044764244,1
2021-06-01,sura,24514.37,172.77000000000044,0.7097725704144464,1
2021-07-01,sura,25238.53,724.1599999999999,2.954022477428553,1
2021-08-01,sura,25850.51,611.9799999999996,2.424784644747535,1
2021-09-01,sura,26133.62,283.1100000000006,1.0951814877153243,1
2021-10-01,sura,26630.44,496.8199999999997,1.9010760851347897,1
2021-11-01,sura,27348.31,717.8700000000026,2.6956745739086685,1
2021-12-01,sura,27978.8,630.489999999998,2.3054075370653626,1
2022-01-01,sura,28117.57,138.77000000000044,0.4959826725949634,1
2022-02-01,sura,28046.49,-71.07999999999811,-0.2527956718877178,1
2022-03-01,sura,28916.0,869.5099999999984,3.1002453426435927,1
2022-04-01,sura,27858.33,-1057.6699999999983,-3.657732743117992,1
2022-05-01,sura,29038.21,1179.8799999999974,4.23528617831721,1
2022-06-01,sura,28123.84,-914.369999999999,-3.148851117200402,1
2022-07-01,sura,29634.4,1510.5600000000013,5.371101528098587,1
2022-08-01,sura,28686.06,-948.3400000000001,-3.200132278703127,1
2022-09-01,sura,27930.24,-755.8199999999997,-2.634798923240067,1
2022-10-01,sura,28337.03,406.78999999999724,1.456450069888393,1
2022-11-01,sura,30257.86,1920.8300000000017,6.778515603081914,1
2022-12-01,sura,30182.15,-75.70999999999913,-0.25021597693953845,1
2023-01-01,sura,31918.02,1735.869999999999,5.751313276224512,1
2023-02-01,sura,30736.72,-1181.2999999999993,-3.70104411238541,1
2023-03-01,sura,32064.32,1327.5999999999985,4.319263734061396,1
2023-04-01,sura,32133.8,69.47999999999956,0.21668945419706098,1
2023-05-01,sura,32406.52,272.72000000000116,0.8487013674075339,1
2023-06-01,sura,32968.89,562.369999999999,1.7353606619902484,1
2023-07-01,sura,33580.52,611.6299999999974,1.8551731647622915,1
2023-08-01,sura,32798.44,-782.0799999999945,-2.3289692952938035,1
2023-09-01,sura,32820.62,22.18000000000029,0.06762516753846537,1
2023-10-01,sura,32377.5,-443.1200000000026,-1.3501268409920386,1
2023-11-01,sura,34573.53,2196.029999999999,6.782580495714607,1
2023-12-01,sura,35555.38,981.8499999999985,2.8398893604442366,1
2024-01-01,sura,35963.43,408.0500000000029,1.147646291503568,1
2024-02-01,sura,36110.46,147.02999999999884,0.4088319718113631,1
2024-03-01,sura,36643.33,532.8700000000026,1.475666607404058,1
2024-04-01,sura,35559.25,-1084.0800000000017,-2.9584647465173086,1
2024-05-01,sura,36671.17,1111.9199999999983,3.126950090342162,1
2024-06-01,sura,37068.54,397.3700000000026,1.0836032774520277,1
2024-07-01,sura,38011.18,942.6399999999994,2.542965004826203,1
2024-08-01,sura,39409.05,1397.8700000000026,3.6775232970931215,1
2024-09-01,sura,40743.02,1333.969999999994,3.3849331562166407,1
2024-10-01,sura,40229.92,-513.0999999999985,-1.2593568174376846,1
2024-11-01,sura,41525.62,1295.7000000000044,3.220737202559687,1
2024-12-01,sura,41079.32,-446.3000000000029,-1.0747581854286703,1
2025-01-01,sura,42432.51,1353.1900000000023,3.2940905545661536,1
2025-02-01,sura,43234.45,801.939999999995,1.8899188381738208,1
2025-03-01,sura,43592.1,357.65000000000146,0.8272338378307209,1
2025-04-01,sura,43613.15,21.05000000000291,0.048288566047527404,1
2025-05-01,sura,45126.7,1513.5499999999956,3.4703982629092245,1
2025-06-01,sura,45583.75,457.0500000000029,1.0128150296830896,1
2025-07-01,sura,46334.45,750.6999999999971,1.6468588038500487,1
2025-08-01,sura,47126.68,792.2300000000032,1.7098077132673417,1
2025-09-01,sura,49019.73,1893.050000000003,4.016939024773225,1
2025-10-01,sura,49780.61,760.8799999999974,1.5521913319392011,1
2025-11-01,sura,50772.55,991.9400000000023,1.992623232218338,1
2025-12-01,sura,50765.94,-6.610000000000582,-0.013018845813339563,1
2020-02-01,xxi banorte,24289.19,-139.96000000000276,-0.5729221033069165,1
2020-03-01,xxi banorte,23903.29,-385.8999999999978,-1.5887726186011086,1
2020-04-01,xxi banorte,24484.01,580.7199999999975,2.4294563635382405,1
2020-05-01,xxi banorte,25699.05,1215.0400000000009,4.962585785580065,1
2020-06-01,xxi banorte,26335.64,636.5900000000001,2.4770954568359427,1
2020-07-01,xxi banorte,27209.98,874.3400000000001,3.3199876669031125,1
2020-08-01,xxi banorte,27614.47,404.4900000000016,1.486550155494415,1
2020-09-01,xxi banorte,28324.91,710.4399999999987,2.572709162985931,1
2020-10-01,xxi banorte,27949.02,-375.8899999999994,-1.3270651168882819,1
2020-11-01,xxi banorte,29350.06,1401.0400000000009,5.012841237367183,1
2020-12-01,xxi banorte,30094.91,744.8499999999985,2.537814232747726,1
2021-01-01,xxi banorte,30944.12,849.2099999999991,2.8217728512894613,1
2021-02-01,xxi banorte,30913.4,-30.719999999997526,-0.09927572669702345,1
2021-03-01,xxi banorte,31360.73,447.3299999999981,1.4470423829148427,1
2021-04-01,xxi banorte,31660.5,299.77000000000044,0.9558769837309189,1
2021-05-01,xxi banorte,32601.05,940.5499999999993,2.970736406563379,1
2021-06-01,xxi banorte,32499.15,-101.89999999999782,-0.31256661978678046,1
2021-07-01,xxi banorte,33357.55,858.4000000000015,2.641299849380685,1
2021-08-01,xxi banorte,33880.7,523.1499999999942,1.568310622332847,1
2021-09-01,xxi banorte,34402.22,521.5200000000041,1.5392834268477484,1
2021-10-01,xxi banorte,34875.53,473.3099999999977,1.3758123748990547,1
2021-11-01,xxi banorte,35391.15,515.6200000000026,1.4784578184188213,1
2021-12-01,xxi banorte,35998.05,606.9000000000015,1.7148354885331507,1
2022-01-01,xxi banorte,35784.65,-213.40000000000146,-0.5928098883133948,1
2022-02-01,xxi banorte,35157.67,-626.9800000000032,-1.7520920282858787,1
2022-03-01,xxi banorte,35603.78,446.1100000000006,1.2688838594821616,1
2022-04-01,xxi banorte,34620.06,-983.7200000000012,-2.7629650559575447,1
2022-05-01,xxi banorte,35823.17,1203.1100000000006,3.475181729898802,1
2022-06-01,xxi banorte,35268.08,-555.0899999999965,-1.54952786143715,1
2022-07-01,xxi banorte,36989.49,1721.4099999999962,4.880929157470426,1
2022-08-01,xxi banorte,36526.02,-463.47000000000116,-1.2529775349700678,1
2022-09-01,xxi banorte,36331.71,-194.30999999999767,-0.5319769304183652,1
2022-10-01,xxi banorte,36549.0,217.29000000000087,0.5980725927846597,1
2022-11-01,xxi banorte,38672.58,2123.5800000000017,5.810227366001808,1
2022-12-01,xxi banorte,38913.32,240.73999999999796,0.6225082474456078,1
2023-01-01,xxi banorte,40727.91,1814.5900000000038,4.663159041685483,1
2023-02-01,xxi banorte,39721.4,-1006.510000000002,-2.4713028485871313,1
2023-03-01,xxi banorte,41511.46,1790.0599999999977,4.506538037430707,1
2023-04-01,xxi banorte,41499.97,-11.489999999997963,-0.027679103553568396,1
2023-05-01,xxi banorte,42219.86,719.8899999999994,1.7346759527777866,1
2023-06-01,xxi banorte,42706.0,486.1399999999994,1.1514486310471028,1
2023-07-01,xxi banorte,43841.98,1135.9800000000032,2.660000936636542,1
2023-08-01,xxi banorte,43342.43,-499.5500000000029,-1.1394330274317022,1
2023-09-01,xxi banorte,43818.43,476.0,1.0982309944320257,1
2023-10-01,xxi banorte,43935.89,117.45999999999913,0.2680607223946696,1
2023-11-01,xxi banorte,46990.05,3054.1600000000035,6.9514012348446785,1
2023-12-01,xxi banorte,48488.0,1497.949999999997,3.187802524151384,1
2024-01-01,xxi banorte,49893.35,1405.3499999999985,2.89834598251113,1
2024-02-01,xxi banorte,50564.63,671.2799999999988,1.3454298017671729,1
2024-03-01,xxi banorte,51917.14,1352.510000000002,2.6748143910080957,1
2024-04-01,xxi banorte,51278.76,-638.3799999999974,-1.2296131874752647,1
2024-05-01,xxi banorte,53315.49,2036.729999999996,3.971878415156671,1
2024-06-01,xxi banorte,54400.33,1084.8400000000038,2.0347557529716065,1
2024-07-01,xxi banorte,56756.36,2356.029999999999,4.330911227928214,1
2024-08-01,xxi banorte,58226.07,1469.7099999999991,2.58950714950712,1
2024-09-01,xxi banorte,60638.32,2412.25,4.142903685582766,1
2024-10-01,xxi banorte,61045.45,407.1299999999974,0.6714071234163344,1
2024-11-01,xxi banorte,63714.29,2668.840000000004,4.371890124489219,1
2024-12-01,xxi banorte,63854.89,140.59999999999854,0.22067263089646794,1
2025-01-01,xxi banorte,66567.81,2712.9199999999983,4.2485704697009075,1
2025-02-01,xxi banorte,68399.59,1831.7799999999988,2.7517504331297626,1
2025-03-01,xxi banorte,70502.88,2103.290000000008,3.075003812157373,1
2025-04-01,xxi banorte,71165.89,663.0099999999948,0.9404012999185252,1
2025-05-01,xxi banorte,74001.58,2835.6900000000023,3.9846195979562626,1
2025-06-01,xxi banorte,75393.87,1392.2899999999936,1.881432801840166,1
2025-07-01,xxi banorte,77928.61,2534.7400000000052,3.3619974674333752,1
2025-08-01,xxi banorte,79698.63,1770.020000000004,2.271335264417007,1
2025-09-01,xxi banorte,83646.72,3948.0899999999965,4.9537739858263485,1
2025-10-01,xxi banorte,85059.58,1412.8600000000006,1.6890799782705246,1
2025-11-01,xxi banorte,87266.5,2206.9199999999983,2.594557838164735,1
2025-12-01,xxi banorte,87683.89,417.3899999999994,0.4782935032343394,1
